query_id,subject_id,perc_identity,num_ident_matches,alig_length,mismatches,gap_openings,n_gaps,pos_match,ppos,q_start,q_end,q_len,qcov,qcovhsp,s_start,s_end,s_len,evalue,bit_score,score_raw
AHE-L1,PRDM16,83.805,1185,1414,223,2,6,1185,83.8,45,1455,1466,96,96,1115,2525,3744,0,1515,1679
AHE-L10,MAST2,82.456,752,912,154,2,6,752,82.46,26,931,942,96,96,3713,4624,5805,0,921,1020
AHE-L100,USF3,80.964,1310,1618,247,10,61,1310,80.96,1,1574,1578,99,99,5212,6812,6822,0,1540,1707
AHE-L102,ZBTB20,90.84,1428,1572,138,2,6,1428,90.84,1,1569,1569,100,100,274,1842,2265,0,2183,2420
AHE-L103,ZNF148,90,1116,1240,124,0,0,1116,90,1,1240,1590,78,78,1152,2391,2391,0,1678,1860
AHE-L104,PLXNA1,86.684,1022,1179,157,0,0,1022,86.68,83,1261,1270,93,93,1,1179,5685,0,1419,1573
AHE-L105,KBTBD12,85.065,917,1078,161,0,0,917,85.06,1,1078,1086,99,99,4,1081,1866,0,1219,1351
AHE-L106,ZBTB38,77.827,1239,1592,328,8,25,1239,77.83,2,1582,1668,95,95,1925,3502,3600,0,1267,1404
AHE-L107,ATR,74.915,660,881,206,2,15,660,74.91,4,884,891,99,99,301,1166,7890,1.89E-170,598,662
AHE-L108,SIAH2,88.33,492,557,65,0,0,492,88.33,5,561,561,99,99,449,1005,1008,0,712,789
AHE-L109,GPR87,85.096,885,1040,155,0,0,885,85.1,36,1075,1085,96,96,239,1278,1278,0,1177,1305
AHE-L11,JUN,88.571,837,945,108,0,0,837,88.57,25,969,1454,65,65,1,945,945,0,1218,1350
AHE-L110,IGSF10,82.957,1285,1549,254,4,10,1285,82.96,1,1544,1545,99,99,6253,7796,8160,0,1595,1768
AHE-L111,PLCH1,80.521,649,806,136,5,21,649,80.52,130,917,922,85,85,5027,4225,5028,0,743,823
AHE-L112,SKIL,84.779,919,1084,153,4,12,919,84.78,87,1161,1165,92,92,8,1088,2076,0,1205,1335
AHE-L113,GHSR,83.382,567,680,113,0,0,567,83.38,14,693,693,98,98,77,756,1074,0,719,797
AHE-L114,ZNF639,98.354,1135,1154,18,1,1,1135,98.35,30,1182,1194,97,97,290,1443,1443,0,1993,2209
AHE-L115,LRRC15,69.281,857,1237,372,3,8,857,69.28,80,1312,1347,92,92,130,1362,1806,9.45E-145,513,568
AHE-L116,NRROS,71.205,1135,1594,409,20,50,1135,71.2,9,1565,1566,99,99,498,2078,2085,0,761,843
AHE-L118,KIAA0232,91.281,1696,1858,123,4,39,1696,91.28,1,1822,1822,100,100,1222,3076,4443,0,2638,2925
AHE-L119,NWD2,81.254,1270,1563,293,0,0,1270,81.25,1,1563,1593,98,98,3703,5265,5289,0,1498,1661
AHE-L12,ZZZ3,87.574,1332,1521,174,4,15,1332,87.57,43,1551,1597,94,94,1,1518,2727,0,1887,2092
AHE-L120,CRACD,76.983,883,1147,247,6,17,883,76.98,57,1196,1284,94,89,2619,3755,4875,0,867,961
AHE-L121,SHROOM3,82.999,869,1047,159,4,19,869,83,6,1036,1079,96,96,576,1619,6114,0,1086,1203
AHE-L122,SOWAHB,79.608,488,613,119,1,6,488,79.61,138,744,744,100,82,1638,2250,2265,3.03E-154,544,602
AHE-L123,ANK2,87.75,967,1102,117,3,18,967,87.75,1,1087,1419,77,77,9181,10279,11622,0,1382,1532
AHE-L124,NDNF,87.679,1224,1396,172,0,0,1224,87.68,2,1397,1467,95,95,393,1788,1788,0,1748,1938
AHE-L125,ANKRD50,83.822,1114,1329,195,8,20,1114,83.82,48,1356,1364,99,96,2935,4263,4263,0,1425,1579
AHE-L128,FAT4,85.158,1532,1799,267,0,0,1532,85.16,1,1799,1800,99,99,9322,11120,15057,0,2041,2263
AHE-L129,PCDH18,87.848,1388,1580,192,0,0,1388,87.85,1,1580,1593,99,99,982,2561,3477,0,1984,2200
AHE-L13,ADGRL2,89.513,717,801,84,0,0,717,89.51,39,839,844,95,95,398,1198,4380,0,1067,1182
AHE-L130,NR3C2,87.437,1566,1791,210,5,15,1566,87.44,3,1781,1786,99,99,45,1832,3015,0,2207,2447
AHE-L131,FHIP1A,76.99,793,1030,213,9,24,793,76.99,26,1046,1069,96,96,1445,2459,3033,0,771,854
AHE-L132,FHDC1,78.693,927,1178,240,6,11,927,78.69,57,1227,1250,94,94,2235,3408,3408,0,977,1083
AHE-L133,PALLD,67.644,600,887,229,17,58,600,67.64,1,876,876,100,100,159,998,4329,1.87E-75,283,313
AHE-L136,TLR3,73.761,1369,1856,441,13,46,1369,73.76,6,1853,1856,99,99,632,2449,2700,0,1135,1258
AHE-L137,FAT1,84.035,1137,1353,216,0,0,1137,84.04,1,1353,1353,100,100,1918,3270,13866,0,1467,1626
AHE-L139,FASTKD3,72.47,795,1097,291,5,11,795,72.47,14,1103,1113,98,98,377,1469,2037,1.60E-172,605,670
AHE-L14,ZNF644,88.426,764,864,100,0,0,764,88.43,1,864,1831,77,47,1138,2001,3573,0,1108,1228
AHE-L142,PIK3R1,92.515,309,334,25,0,0,309,92.51,432,765,765,44,44,1,334,2172,6.03E-138,490,543
AHE-L143,GCNT4,81.66,1082,1325,243,0,0,1082,81.66,1,1325,1356,98,98,49,1373,1410,0,1295,1435
AHE-L144,APC,85.408,1276,1494,200,3,18,1276,85.41,5,1489,1665,89,89,7048,8532,8532,0,1715,1901
AHE-L145,SEMA6A,88.245,1051,1191,140,0,0,1051,88.25,25,1215,1507,79,79,1942,3132,3132,0,1517,1682
AHE-L146,DMXL1,76.359,1292,1692,343,14,57,1292,76.36,26,1714,1723,98,98,2821,4458,8919,0,1237,1371
AHE-L147,NPY1R,64.278,565,879,286,12,28,565,64.28,102,966,1103,78,78,363,1227,1386,5.22E-33,141,156
AHE-L148,ANKHD1,87.601,1413,1613,187,5,13,1413,87.6,228,1827,1827,95,88,5281,6893,7647,0,1997,2214
AHE-L149,ADRB2,81.117,726,895,145,3,24,726,81.12,1,871,949,92,92,304,1198,1401,0,861,954
AHE-L15,PLPPR4,85.113,1132,1330,197,1,1,1132,85.11,10,1338,1555,85,85,835,2164,2166,0,1503,1666
AHE-L150,SH3TC2,79.94,1060,1326,252,6,14,1060,79.94,1,1315,1610,93,82,1663,2985,3975,0,1178,1306
AHE-L151,SLC26A2,79.789,1133,1420,282,5,5,1133,79.79,4,1421,1467,97,97,691,2107,2223,0,1255,1391
AHE-L152,ARSI,86.585,1207,1394,187,0,0,1207,86.59,1,1394,1394,100,100,349,1742,1749,0,1672,1853
AHE-L153,FAT2,82.873,1500,1810,280,4,30,1500,82.87,1,1781,1782,99,99,6341,8149,13179,0,1878,2082
AHE-L155,TENM2,89.14,788,884,96,0,0,788,89.14,20,903,977,90,90,3800,4683,7893,0,1162,1288
AHE-L156,MAML1,84.781,1142,1347,195,3,10,1142,84.78,2,1344,1363,99,99,426,1766,3180,0,1501,1664
AHE-L157,RREB1,82.246,1311,1594,256,5,27,1311,82.25,34,1612,1631,97,97,1016,2597,5004,0,1601,1775
AHE-L159,DSP,82.759,1512,1827,306,2,9,1512,82.76,7,1824,1824,99,99,6112,7938,8592,0,1876,2080
AHE-L16,S1PR1,84.923,935,1101,163,1,3,935,84.92,236,1336,1403,78,78,43,1140,1140,0,1236,1370
AHE-L160,HIVEP1,85.581,1282,1498,178,5,38,1282,85.58,104,1566,1566,93,93,1789,3283,8064,0,1740,1929
AHE-L161,ATXN1,86.811,1323,1524,198,1,3,1323,86.81,1,1521,1521,100,100,355,1878,2547,0,1841,2041
AHE-L162,OR5AR1,66.26,163,246,83,0,0,163,66.26,538,783,783,31,31,649,894,957,1.90E-11,70.7,77
AHE-L163,BLTP3A,70.177,953,1358,374,13,31,953,70.18,5,1351,1355,99,99,1884,3221,4425,1.24E-168,593,657
AHE-L164,BICRAL,91.309,1555,1703,141,2,7,1555,91.31,3,1698,1704,99,99,158,1860,3264,0,2402,2663
AHE-L165,KLHL31,87.404,1027,1175,148,0,0,1027,87.4,35,1209,1210,97,97,1,1175,1905,0,1452,1610
AHE-L166,DST,81.719,675,826,151,0,0,675,81.72,1,826,1339,62,62,5857,6682,18822,0,810,897
AHE-L169,HTR1E,84.511,933,1104,165,2,6,933,84.51,11,1111,1111,99,99,72,1172,1176,0,1221,1353
AHE-L17,CELSR2,87.569,1423,1625,202,0,0,1423,87.57,1,1625,1625,100,100,2089,3713,9246,0,2021,2240
AHE-L170,ZNF292,86.784,1287,1483,190,3,6,1287,86.78,17,1496,1496,99,99,1013,2492,8214,0,1783,1977
AHE-L171,SIM1,86.156,641,744,91,4,12,641,86.16,19,753,964,76,76,1570,2310,2310,0,871,965
AHE-L172,BEND3,89.268,1414,1584,164,2,6,1414,89.27,1,1578,1727,91,91,956,2539,2541,0,2087,2314
AHE-L173,CCN2,86.957,260,299,39,0,0,260,86.96,5,303,1378,22,22,1058,1356,1356,1.11E-99,364,403
AHE-L174,NHSL1,76.605,907,1184,259,5,18,907,76.6,144,1324,1484,80,80,1680,2848,4884,0,881,976
AHE-L176,HIVEP2,87.295,1546,1771,201,6,24,1546,87.3,1,1756,1800,98,98,172,1933,7293,0,2175,2411
AHE-L177,FBXO30,80.689,1241,1538,258,7,39,1241,80.69,1,1505,1509,99,99,643,2174,2373,0,1439,1595
AHE-L178,GRM1,89.829,839,934,95,0,0,839,89.83,5,938,950,98,98,1802,2735,3588,0,1257,1393
AHE-L179,PLEKHG1,80.201,1280,1596,302,4,14,1280,80.2,52,1634,1678,94,94,1943,3537,4608,0,1450,1607
AHE-L18,RBM15,85.316,1377,1614,227,5,10,1377,85.32,1,1607,1607,100,100,1102,2712,2865,0,1829,2028
AHE-L180,AKAP12,81.395,1470,1806,274,12,62,1470,81.4,46,1799,1806,97,97,1363,3158,7419,0,1746,1936
AHE-L181,SYNE1,80.481,1373,1706,333,0,0,1373,80.48,1,1706,1722,99,99,12826,14531,19464,0,1576,1747
AHE-L182,ARID1B,95.439,1088,1140,52,0,0,1088,95.44,1,1140,1464,78,78,6220,7359,7359,0,1822,2020
AHE-L183,DLL1,97.806,758,775,17,0,0,758,97.81,1,775,1871,50,41,1595,2369,2532,0,1322,1465
AHE-L184,ELFN1,83.486,1370,1641,265,2,6,1370,83.49,97,1731,1731,94,94,1,1641,2397,0,1735,1923
AHE-L185,SP4,84.769,1319,1556,204,8,33,1319,84.77,5,1530,1542,99,99,104,1656,2337,0,1732,1920
AHE-L186,TRIL,80.546,973,1208,226,4,9,973,80.55,1,1199,1266,95,95,103,1310,2286,0,1110,1230
AHE-L187,GLI3,82.493,1112,1348,201,9,35,1112,82.49,2,1318,1318,99,99,2470,3813,4737,0,1361,1508
AHE-L188,PCLO,85.229,1581,1855,262,1,12,1581,85.23,1,1843,1845,99,99,11471,13325,15678,0,2119,2349
AHE-L189,LRRN3,82.876,1360,1641,272,1,9,1360,82.88,1,1632,1632,100,100,361,2001,2154,0,1699,1883
AHE-L19,KCNA2,93.137,1235,1326,91,0,0,1235,93.14,27,1352,1352,98,98,1,1326,1542,0,1982,2197
AHE-L190,PPP1R3A,87.639,709,809,93,2,7,709,87.64,90,898,909,89,89,1,802,3954,0,1006,1115
AHE-L191,MET,78.705,924,1174,244,2,6,924,78.71,60,1230,1235,95,95,31,1201,4149,0,987,1094
AHE-L192,CTTNBP2,81.4,1326,1629,278,8,25,1326,81.4,1,1624,1624,100,100,371,1979,4920,0,1559,1728
AHE-L194,NEFH,67.816,531,783,218,15,34,531,67.82,305,1063,1119,68,68,257,1029,2874,2.57E-62,240,265
AHE-L195,NEFL,97.465,1038,1065,21,1,6,1038,97.46,157,1215,1215,87,87,1,1065,1671,0,1801,1996
AHE-L197,NPBWR1,82.01,816,995,175,2,4,816,82.01,26,1018,1021,97,97,89,1081,1092,0,983,1089
AHE-L2,CAMTA1,81.612,1185,1452,246,1,21,1185,81.61,1,1431,1446,99,99,781,2232,4938,0,1430,1585
AHE-L20,KCND2,75.492,844,1118,259,8,15,844,75.49,37,1142,1143,97,97,1,1115,1308,0,759,841
AHE-L200,FAM110B,89.578,997,1113,116,0,0,997,89.58,232,1344,1637,68,68,1,1113,1113,0,1485,1646
AHE-L201,CHD7,91.759,1492,1626,113,1,21,1492,91.76,1,1605,1620,99,99,40,1665,9051,0,2343,2598
AHE-L202,YTHDF3,92.567,1482,1601,111,4,8,1482,92.57,1,1597,1612,99,99,144,1740,1833,0,2341,2595
AHE-L203,VCPIP1,87.628,1629,1859,230,0,0,1629,87.63,1,1859,1862,99,99,247,2105,3660,0,2318,2570
AHE-L205,ZFHX4,85.161,1561,1833,242,13,30,1561,85.16,3,1824,1825,99,99,6805,8618,10767,0,2049,2271
AHE-L206,PDP1,87.628,1452,1657,205,0,0,1452,87.63,3,1659,1661,99,99,87,1743,1743,0,2065,2289
AHE-L207,ZFPM2,85.59,1372,1603,229,1,2,1372,85.59,17,1617,1617,99,99,954,2556,3453,0,1848,2049
AHE-L208,ZHX2,73.463,1326,1805,377,27,102,1326,73.46,1,1718,1719,99,99,298,2087,2541,0,1067,1182
AHE-L209,KLHL38,79.279,1056,1332,276,0,0,1056,79.28,6,1337,1338,99,99,21,1352,1773,0,1159,1284
AHE-L21,OLFML3,87.106,608,698,90,0,0,608,87.11,31,728,808,86,86,511,1208,1299,0,854,946
AHE-L210,RNF139,85.031,1352,1590,238,0,0,1352,85.03,1,1590,1590,100,100,238,1827,2049,0,1795,1990
AHE-L211,KANK1,80.371,1429,1778,319,3,30,1429,80.37,1,1751,1755,99,99,40,1814,3984,0,1649,1828
AHE-L212,DMRT3,85.212,824,967,143,0,0,824,85.21,9,975,1721,56,56,510,1476,1476,0,1103,1222
AHE-L213,KCNV2,83.736,901,1076,172,1,3,901,83.74,13,1088,1088,99,99,334,1406,1668,0,1152,1277
AHE-L214,KIAA2026,79.642,1068,1341,250,6,23,1068,79.64,49,1375,1514,88,88,4949,6280,6282,0,1182,1310
AHE-L215,LINGO2,88.732,1197,1349,149,1,3,1197,88.73,3,1351,1351,99,99,16,1361,1875,0,1746,1936
AHE-L216,PIGO,64.804,1009,1557,439,35,109,1009,64.8,1,1534,1553,99,99,1262,2732,3375,3.35E-75,282,312
AHE-L218,UNC13B,68.053,671,986,270,18,45,671,68.05,8,987,1164,84,84,3068,4014,10602,3.47E-86,318,352
AHE-L219,TRPM3,83.739,1205,1439,234,0,0,1205,83.74,1,1439,1575,91,91,3715,5153,5163,0,1544,1712
AHE-L22,BCL9,86.996,1164,1338,171,1,3,1164,87,1,1335,1347,99,99,1567,2904,4266,0,1627,1804
AHE-L220,DAPK1,87.886,1081,1230,149,0,0,1081,87.89,1,1230,1230,100,100,3061,4290,4293,0,1547,1715
AHE-L221,NFIL3,87.896,1220,1388,156,2,12,1220,87.9,71,1446,1773,78,78,1,1388,1389,0,1748,1938
AHE-L222,ROR2,86.611,1242,1434,192,0,0,1242,86.61,1,1434,1434,100,100,1363,2796,2802,0,1722,1909
AHE-L223,OGN,88.068,155,176,21,0,0,155,88.07,54,229,683,26,26,748,923,924,1.18E-57,224,247
AHE-L224,GRIN3A,88.235,930,1054,121,1,3,930,88.24,26,1076,1082,97,97,1362,2415,3411,0,1341,1486
AHE-L225,ZNF462,87.03,1597,1835,238,0,0,1597,87.03,1,1835,1839,99,99,2263,4097,7518,0,2239,2482
AHE-L226,SVEP1,80.153,1155,1441,267,2,19,1155,80.15,2,1423,1423,99,99,6695,8135,10818,0,1322,1465
AHE-L227,TRIM32,82.811,1243,1501,258,0,0,1243,82.81,52,1552,1552,97,97,445,1945,1947,0,1544,1712
AHE-L228,GPR21,88.588,916,1034,112,1,6,916,88.59,42,1069,1071,96,96,49,1082,1098,0,1334,1479
AHE-L229,ZBTB34,79.932,1175,1470,289,1,6,1175,79.93,40,1503,1503,97,97,325,1794,1812,0,1323,1466
AHE-L23,ASH1L,87.598,1342,1532,187,1,3,1342,87.6,2,1530,1551,99,99,3362,4893,8790,0,1906,2113
AHE-L230,CAMSAP1,77.32,1108,1433,307,5,18,1108,77.32,8,1437,1512,95,95,1463,2880,4869,0,1116,1237
AHE-L231,ADARB2,85.919,781,909,128,0,0,781,85.92,8,916,1006,90,90,326,1234,2376,0,1064,1179
AHE-L232,FAM171A1,83.069,1310,1577,244,2,23,1310,83.07,4,1557,1557,99,99,976,2552,2661,0,1653,1832
AHE-L233,KIAA1217,84.069,686,816,118,1,12,686,84.07,3,806,810,99,99,843,1658,5739,0,893,989
AHE-L235,JCAD,70.622,613,868,231,8,24,613,70.62,1,856,951,97,90,331,1186,4071,3.01E-111,402,445
AHE-L236,ZEB1,87.594,1405,1604,194,4,5,1405,87.59,1,1600,1608,99,99,1003,2605,3375,0,1983,2198
AHE-L237,C10orf71,68.936,881,1278,315,17,82,881,68.94,1,1261,1398,90,90,1,1213,4314,2.81E-145,515,570
AHE-L238,SLC18A3,83.565,1261,1509,229,6,19,1261,83.57,37,1542,1543,98,98,37,1529,1584,0,1594,1767
AHE-L239,ANK3,84.76,1485,1752,244,5,23,1485,84.76,1,1743,1889,92,92,5980,7717,12768,0,1955,2167
AHE-L24,PRRC2C,84.844,1170,1379,203,1,6,1170,84.84,98,1476,1476,93,93,3431,4803,8178,0,1546,1714
AHE-L240,ARID5B,78.266,1426,1822,360,7,36,1426,78.27,57,1851,1851,97,97,1755,3567,3567,0,1502,1665
AHE-L241,JMJD1C,79.133,1077,1361,257,6,27,1077,79.13,1,1361,1363,99,99,1327,2660,7560,0,1172,1299
AHE-L242,SYNPO2L,76.723,1091,1422,243,10,88,1091,76.72,125,1458,1458,91,91,1827,3248,3264,0,1109,1229
AHE-L243,NDST2,88.431,879,994,115,0,0,879,88.43,182,1175,1459,68,68,1,994,2646,0,1275,1413
AHE-L245,KAT6B,88.374,1429,1617,188,0,0,1429,88.37,1,1617,1622,99,99,4459,6075,6075,0,2069,2294
AHE-L248,LCOR,80.488,1023,1271,237,4,11,1023,80.49,23,1283,1284,98,98,332,1601,5016,0,1167,1293
AHE-L25,GPR52,85.635,930,1086,156,0,0,930,85.64,181,1266,1382,79,79,1,1086,1086,0,1256,1392
AHE-L250,SH3PXD2A,78.197,1492,1908,393,8,23,1492,78.2,15,1906,2056,92,92,1445,3345,3345,0,1551,1719
AHE-L251,CTBP2,77.924,1359,1744,337,13,48,1359,77.92,5,1723,1765,97,97,1721,1,2979,0,1395,1546
AHE-L254,PHRF1,72.945,1127,1545,347,20,71,1127,72.94,30,1521,1534,97,97,2037,3563,4899,0,876,971
AHE-L257,PIK3C2A,79.616,871,1094,213,4,10,871,79.62,76,1164,1175,93,93,1,1089,5181,0,959,1063
AHE-L259,RAG1,86.543,1402,1620,218,0,0,1402,86.54,1,1620,1664,97,97,1432,3051,3144,0,1939,2150
AHE-L26,RASAL2,77.143,648,840,180,4,12,648,77.14,19,858,873,96,96,2710,3537,4128,0,643,712
AHE-L260,PRDM11,88.865,1668,1877,209,0,0,1668,88.87,2,1878,1880,99,99,2128,4004,4026,0,2445,2711
AHE-L261,CHST1,86.461,1092,1263,165,2,6,1092,86.46,48,1304,1375,91,91,1,1263,1401,0,1504,1667
AHE-L262,MDK,86.905,146,168,22,0,0,146,86.9,3,170,171,98,98,78,245,462,7.08E-53,205,226
AHE-L263,ZNF408,82.577,673,815,142,0,0,673,82.58,1,815,815,100,100,1076,1890,2244,0,830,920
AHE-L264,KBTBD4,86.674,748,863,115,0,0,748,86.67,8,870,870,99,99,773,1635,1635,0,1039,1151
AHE-L265,DAGLA,87.271,809,927,91,2,27,809,87.27,253,1152,1378,73,65,2169,3095,3096,0,1156,1281
AHE-L267,SHANK2,82.568,1601,1939,286,6,52,1601,82.57,7,1904,1904,99,99,2773,4700,5511,0,1994,2210
AHE-L269,TENM4,86.889,1405,1617,212,0,0,1405,86.89,2,1618,1622,99,99,5849,7465,8367,0,1965,2178
AHE-L27,ANGPTL1,84.495,703,832,122,3,7,703,84.5,3,830,830,99,99,36,864,1518,0,912,1011
AHE-L270,PRSS23,84.687,907,1071,164,0,0,907,84.69,58,1128,1189,90,90,50,1120,1140,0,1193,1322
AHE-L271,FZD4,96.967,1279,1319,40,0,0,1279,96.97,26,1344,1346,98,98,280,1598,1614,0,2199,2438
AHE-L272,GRM5,80.801,686,849,157,3,6,686,80.8,25,870,1318,64,64,2668,3513,3513,0,789,874
AHE-L273,FAT3,87.701,1633,1862,229,0,0,1633,87.7,2,1863,1863,99,99,6089,7950,13803,0,2326,2579
AHE-L274,AMOTL1,83.072,741,892,145,3,6,741,83.07,2,887,898,99,99,291,1182,2955,0,921,1020
AHE-L275,MAML2,78.054,1099,1408,268,8,41,1099,78.05,4,1398,1398,99,99,462,1841,3234,0,1148,1272
AHE-L276,ZC3H12C,86.51,1212,1401,186,1,3,1212,86.51,4,1401,1574,89,89,1282,2682,2682,0,1673,1855
AHE-L279,KMT2A,79.513,1339,1684,263,8,82,1339,79.51,7,1670,1670,99,99,7540,9161,11643,0,1520,1685
AHE-L28,B3GALT2,87.786,1114,1269,155,0,0,1114,87.79,103,1371,1441,88,88,1,1269,1269,0,1590,1763
AHE-L281,ARHGAP32,81.288,1060,1304,235,1,9,1060,81.29,153,1447,1447,89,89,4598,5901,6249,0,1258,1394
AHE-L282,ADAMTS8,80.199,563,702,133,1,6,563,80.2,3,698,1038,67,67,2064,2765,2814,0,641,710
AHE-L283,IGSF9B,84.926,1386,1632,246,0,0,1386,84.93,6,1637,1643,99,99,2301,3932,4278,0,1835,2034
AHE-L284,GRIN2B,87.203,1431,1641,204,1,6,1431,87.2,3,1637,1637,99,99,2604,4244,4506,0,2014,2233
AHE-L285,BICD1,88.058,966,1097,131,0,0,966,88.06,2,1098,1104,99,99,1010,2106,2571,0,1390,1541
AHE-L286,ABCD2,82.579,602,729,125,1,2,602,82.58,7,735,735,99,99,284,1010,2286,0,740,820
AHE-L287,PDZRN4,87.515,722,825,103,0,0,722,87.52,1,825,1523,54,54,1510,2334,2334,0,1024,1135
AHE-L288,CAND1,90.175,1340,1486,146,0,0,1340,90.17,2,1487,1487,99,99,1448,2933,3711,0,2024,2244
AHE-L289,DYRK2,88.452,1417,1602,184,1,1,1417,88.45,12,1612,1612,99,99,278,1879,1881,0,2052,2275
AHE-L29,ASPM,70.51,581,824,238,3,5,581,70.51,512,1334,1334,99,62,5912,6731,8394,3.99E-105,382,423
AHE-L290,BLTP3B,77.32,1108,1433,301,10,24,1108,77.32,1,1413,1433,99,99,1765,3193,4347,0,1096,1215
AHE-L291,NUAK1,89.102,1022,1147,125,0,0,1022,89.1,3,1149,1210,95,95,999,2145,2145,0,1506,1669
AHE-L292,ZCCHC8,76.879,133,173,40,0,0,133,76.88,30,202,1296,29,13,1525,1697,2235,3.19E-30,132,146
AHE-L293,CCDC92,79.947,598,748,147,1,3,598,79.95,1,745,745,100,100,185,932,951,0,672,744
AHE-L294,TMEM132C,68.175,467,685,184,12,34,467,68.18,501,1180,1189,81,57,2617,3272,3294,1.41E-59,230,254
AHE-L295,SACS,85.098,1479,1738,224,2,35,1479,85.1,1,1706,1706,100,100,5701,7435,14583,0,1990,2206
AHE-L297,GPR12,86.21,869,1008,136,2,3,869,86.21,45,1049,1051,96,96,1,1008,1008,0,1186,1314
AHE-L298,STARD13,77.77,1088,1399,275,7,36,1088,77.77,4,1373,1379,99,99,394,1785,3375,0,1122,1244
AHE-L299,FREM3,83.462,1509,1808,293,3,6,1509,83.46,1,1805,1807,99,99,1153,2957,9624,0,1907,2114
AHE-L3,KIF1C,72.488,303,418,115,0,0,303,72.49,1,418,1512,36,28,2029,2446,3291,4.25E-61,236,261
AHE-L30,ZNF281,91.233,1280,1403,120,1,3,1280,91.23,1,1400,1606,87,87,622,2024,2025,0,1975,2189
AHE-L300,AKAP11,74.954,1221,1629,277,14,131,1221,74.95,68,1577,1584,95,95,886,2502,5775,0,1155,1280
AHE-L301,PCDH17,89.165,1613,1809,196,0,0,1613,89.17,1,1809,1809,100,100,879,2687,4140,0,2381,2640
AHE-L302,KLF5,79.505,706,888,170,4,12,706,79.5,13,897,897,99,99,190,1068,1305,0,774,858
AHE-L303,MYCBP2,86.344,1410,1633,223,0,0,1410,86.34,17,1649,1650,99,99,8015,9647,13914,0,1940,2151
AHE-L305,NOVA1,93.558,944,1009,65,0,0,944,93.56,74,1082,1597,63,63,444,1452,1452,0,1527,1693
AHE-L306,NPAS3,92.988,1220,1312,92,0,0,1220,92.99,1,1312,1558,84,84,1524,2835,2835,0,1952,2164
AHE-L307,SOCS4,79.749,1016,1274,255,1,3,1016,79.75,39,1309,1321,96,96,1,1274,1398,0,1133,1256
AHE-L308,FBXO34,71.856,480,668,175,6,13,480,71.86,272,934,944,83,70,346,1005,2253,2.45E-93,343,379
AHE-L309,SLC8A3,86.222,1164,1350,186,0,0,1164,86.22,1,1350,1350,100,100,88,1437,2766,0,1597,1770
AHE-L31,CAMSAP2,79.939,1307,1635,287,8,41,1307,79.94,1,1619,1619,100,100,1847,3456,4476,0,1471,1631
AHE-L310,NRXN3,88.525,108,122,14,0,0,108,88.52,101,222,225,54,54,1628,1749,2640,1.26E-38,158,174
AHE-L311,STON2,85.08,1591,1870,261,4,18,1591,85.08,1,1864,1869,99,99,559,2416,2703,0,2113,2343
AHE-L312,GPR68,81.263,772,950,157,1,21,772,81.26,42,970,981,95,95,40,989,1104,0,926,1026
AHE-L313,TRIP11,85.253,1347,1580,230,2,3,1347,85.25,14,1590,1590,99,99,2879,4458,5835,0,1793,1988
AHE-L314,BEGAIN,86.265,1187,1376,180,3,9,1187,86.26,1,1370,1392,98,98,554,1926,1926,0,1625,1801
AHE-L315,DYNC1H1,86.747,936,1079,143,0,0,936,86.75,2,1080,1080,99,99,1469,2547,13950,0,1302,1443
AHE-L316,KIF26A,75.549,1066,1411,276,15,69,1066,75.55,5,1376,1386,99,99,2264,3644,6123,0,990,1097
AHE-L317,ZBTB18,79.73,295,370,73,2,2,295,79.73,3,371,1429,53,26,18,386,1596,3.51E-87,323,357
AHE-L318,CHRM5,88.638,1412,1593,178,1,3,1412,88.64,68,1657,1751,91,91,1,1593,1593,0,2056,2279
AHE-L319,DISP2,82.722,1714,2072,342,5,16,1714,82.72,2,2057,2057,99,99,1969,4040,4446,0,2119,2349
AHE-L32,LGR6,87.191,987,1132,145,0,0,987,87.19,7,1138,1245,91,91,1627,2758,2802,0,1388,1539
AHE-L320,RHOV,89.125,377,423,46,0,0,377,89.13,77,499,608,70,70,499,921,921,3.90E-158,556,616
AHE-L321,VPS18,82.245,1385,1684,296,1,3,1385,82.24,1,1681,1689,99,99,334,2017,2928,0,1690,1873
AHE-L324,TTBK2,74.662,442,592,120,6,30,442,74.66,1,592,599,99,99,1409,1970,3957,9.67E-109,392,434
AHE-L325,MAP1A,73.053,694,950,189,8,67,694,73.05,149,1060,1062,86,86,2838,3758,9201,4.99E-166,584,647
AHE-L326,SEMA6D,86.162,1127,1308,181,0,0,1127,86.16,4,1311,1336,98,98,1963,3270,3270,0,1544,1711
AHE-L327,DMXL2,82.19,1366,1662,287,3,9,1366,82.19,2,1657,1659,99,99,3035,4693,9153,0,1658,1838
AHE-L328,GCNT3,72.244,911,1261,346,3,4,911,72.24,1,1259,1263,99,99,46,1304,1317,0,687,761
AHE-L329,ZNF609,79.73,885,1110,207,2,18,885,79.73,18,1112,1113,98,98,2346,3452,4287,0,995,1103
AHE-L33,NUAK2,80.312,926,1153,208,9,19,926,80.31,2,1143,1263,90,90,1001,2145,2145,0,1033,1145
AHE-L330,KBTBD13,81.481,1078,1323,235,4,10,1078,81.48,2,1319,1319,99,99,41,1358,1365,0,1278,1417
AHE-L331,MYO9A,80.198,243,303,60,0,0,243,80.2,231,533,1325,69,23,3689,3991,7938,1.21E-73,277,306
AHE-L332,HCN4,78.002,890,1141,174,12,77,890,78,1,1065,1065,100,100,2254,3393,3810,0,942,1044
AHE-L333,LINGO1,89.87,1384,1540,156,0,0,1384,89.87,1,1540,1542,99,99,352,1891,1893,0,2075,2300
AHE-L334,MINAR1,81.433,1443,1772,320,3,9,1443,81.43,1,1769,1780,99,99,238,2003,2760,0,1709,1895
AHE-L335,BNC1,74.74,1006,1346,312,8,28,1006,74.74,1,1339,1467,91,91,544,1868,3108,0,884,980
AHE-L337,ITPRIPL2,96.237,1151,1196,39,1,6,1151,96.24,1,1190,1235,98,96,264,1459,1521,0,1956,2168
AHE-L338,DNAH3,82.814,1436,1734,297,1,1,1436,82.81,1,1733,1733,100,100,5427,7160,9027,0,1781,1974
AHE-L339,ZNF423,89.286,1350,1512,162,0,0,1350,89.29,112,1623,1624,93,93,300,1811,4146,0,1997,2214
AHE-L34,PLXNA2,85.258,1041,1221,180,0,0,1041,85.26,119,1339,1344,91,91,1,1221,5727,0,1391,1542
AHE-L340,PSKH1,84.072,797,948,124,4,27,797,84.07,100,1047,1053,90,90,1,921,1239,0,1036,1148
AHE-L341,NFATC3,90.142,1015,1126,111,0,0,1015,90.14,103,1228,1237,91,91,590,1715,3762,0,1531,1697
AHE-L342,ZFHX3,83.639,1278,1528,229,4,21,1278,83.64,11,1532,1532,99,99,8261,9773,11397,0,1630,1807
AHE-L343,ANKRD11,86.781,1162,1339,158,2,19,1162,86.78,3,1340,1340,99,99,891,2211,8193,0,1626,1802
AHE-L344,MPRIP,99.624,1059,1063,4,0,0,1059,99.62,325,1387,1387,77,77,2162,3224,6930,0,1901,2107
AHE-L345,RAI1,80.772,1340,1659,273,8,46,1340,80.77,17,1629,1631,99,99,279,1937,6294,0,1565,1735
AHE-L346,SMCR8,79.103,1499,1895,375,7,21,1499,79.1,10,1892,1893,99,99,1,1886,2802,0,1627,1803
AHE-L347,MED1,91.374,1716,1878,117,1,45,1716,91.37,1,1833,1833,100,100,1801,3678,4779,0,2693,2986
AHE-L348,CCR7,76.265,784,1028,238,4,6,784,76.26,9,1033,1033,99,99,150,1174,1182,0,742,822
AHE-L349,KLHL11,81.746,1227,1501,204,3,70,1227,81.75,3,1433,1454,98,98,565,2065,2130,0,1524,1689
AHE-L35,USH2A,75.758,1025,1353,316,5,12,1025,75.76,1,1350,1350,100,100,12345,13688,15618,0,950,1053
AHE-L350,NXPH3,80.426,604,751,138,3,9,604,80.43,3,747,790,94,94,57,804,804,0,687,761
AHE-L351,TEX2,79.194,1199,1514,243,9,72,1199,79.19,58,1511,1518,96,96,1,1502,3372,0,1335,1480
AHE-L352,KCNJ2,87.864,1086,1236,144,1,6,1086,87.86,2,1231,1554,79,79,49,1284,1284,0,1554,1723
AHE-L353,CDC42EP4,76.923,790,1027,235,2,2,790,76.92,7,1032,1043,98,98,1,1026,1026,0,777,861
AHE-L354,BTBD17,81.256,867,1067,199,1,1,867,81.26,1,1066,1066,100,100,493,1559,1560,0,1021,1132
AHE-L356,FOXJ1,88.242,728,825,90,3,7,728,88.24,53,870,1085,75,75,520,1344,1344,0,1044,1157
AHE-L357,TNRC6C,93.179,1817,1950,124,1,9,1817,93.18,1,1950,1950,100,100,646,2586,5745,0,2921,3239
AHE-L358,MYADML2,82.373,743,902,156,2,3,743,82.37,7,908,909,99,99,115,1013,1020,0,904,1002
AHE-L359,EMILIN2,72.99,708,970,235,2,27,708,72.99,4,946,1100,86,86,728,1697,3330,5.17E-166,584,647
AHE-L36,DISP1,85.911,1561,1817,255,1,1,1561,85.91,1,1816,1834,99,99,1858,3674,4599,0,2120,2350
AHE-L360,LRRC30,78.781,698,886,186,2,2,698,78.78,467,1351,1351,66,66,1,885,885,0,744,824
AHE-L361,MTCL1,84.337,1303,1545,206,4,36,1303,84.34,1,1524,1531,99,99,4270,5799,5838,0,1711,1897
AHE-L362,ZNF521,88.048,1186,1347,161,0,0,1186,88.05,1,1347,1735,78,78,2488,3834,4197,0,1704,1889
AHE-L363,CHST9,77.077,733,951,205,7,13,733,77.08,13,961,1382,69,69,328,1267,1311,0,717,794
AHE-L364,ASXL3,79.23,1091,1377,241,8,45,1091,79.23,1,1365,1365,100,100,5332,6675,6675,0,1199,1329
AHE-L365,SETBP1,81.584,1391,1705,314,0,0,1391,81.58,64,1768,1768,96,96,1485,3189,4716,0,1662,1842
AHE-L366,DSEL,83.593,1554,1859,301,2,4,1554,83.59,1,1855,1856,99,99,1588,3446,3663,0,1973,2187
AHE-L367,TSHZ1,90.346,1853,2051,192,2,6,1853,90.35,1,2045,2046,99,99,700,2750,3240,0,2803,3108
AHE-L368,SALL3,86.897,756,870,108,2,6,756,86.9,592,1455,1455,59,59,144,1013,3861,0,1052,1166
AHE-L369,NFATC1,85.091,936,1100,161,1,3,936,85.09,1,1097,1100,99,99,109,1208,2805,0,1243,1378
AHE-L37,ENAH,87.289,673,771,92,1,6,673,87.29,154,924,1032,75,75,790,1554,2346,0,950,1053
AHE-L370,ADNP2,79.179,1293,1633,281,14,59,1293,79.18,9,1599,1619,98,98,1772,3387,3393,0,1403,1555
AHE-L372,ZNF536,80.628,1232,1528,197,7,99,1232,80.63,2,1437,1484,97,97,2221,3741,3975,0,1480,1640
AHE-L373,TSHZ3,89.063,1417,1591,171,1,3,1417,89.06,1,1591,1591,100,100,313,1900,3243,0,2084,2310
AHE-L374,ZNF507,72.532,977,1347,334,5,36,977,72.53,1,1347,1347,100,100,401,1711,2922,0,774,858
AHE-L376,JAG1,97.083,233,240,7,0,0,233,97.08,237,476,821,43,29,2684,2923,3663,2.59E-111,402,445
AHE-L377,FLRT3,92.593,1225,1323,98,0,0,1225,92.59,28,1350,1350,98,98,1,1323,1950,0,1945,2156
AHE-L378,RIN2,83.465,949,1137,180,3,8,949,83.47,46,1178,1178,96,96,1152,2284,3207,0,1197,1327
AHE-L379,NCOA6,81.439,996,1223,200,3,27,996,81.44,67,1262,1270,94,94,2895,4117,6174,0,1194,1323
AHE-L38,URB2,77.242,1042,1349,298,3,9,1042,77.24,2,1347,1347,99,99,607,1949,4827,0,1044,1157
AHE-L380,EMILIN3,81.273,1098,1351,251,2,2,1098,81.27,1,1350,1350,100,100,814,2163,2475,0,1289,1429
AHE-L381,ADNP,87.894,1198,1363,147,5,18,1198,87.89,1,1360,1360,100,100,806,2153,3447,0,1709,1894
AHE-L382,TSHZ2,86.729,1111,1281,161,2,9,1111,86.73,2,1282,1354,95,95,1831,3102,3102,0,1544,1711
AHE-L383,PPP1R3D,79.747,567,711,144,0,0,567,79.75,13,723,723,98,98,232,942,954,0,636,704
AHE-L384,FAM217B,68.071,614,902,252,15,36,614,68.07,1,889,889,100,100,604,1482,1500,1.05E-78,294,325
AHE-L385,HELZ2,75.862,1012,1334,322,0,0,1012,75.86,10,1343,1353,99,99,4378,5711,8478,0,955,1058
AHE-L386,NRIP1,80.074,1077,1345,259,3,9,1077,80.07,1,1339,1347,99,99,599,1940,3513,0,1213,1344
AHE-L387,TIAM1,85.876,833,970,137,0,0,833,85.88,7,976,999,97,97,1,970,4800,0,1132,1255
AHE-L388,DOP1B,81.033,1098,1355,248,3,9,1098,81.03,1,1355,1359,99,99,3316,4661,6888,0,1280,1419
AHE-L389,KCNJ15,84.736,916,1081,150,2,15,916,84.74,2,1082,1083,99,99,116,1181,1191,0,1211,1342
AHE-L39,SIPA1L2,85.294,1247,1462,215,0,0,1247,85.29,53,1514,1519,96,96,1,1462,5223,0,1668,1849
AHE-L390,ZBTB21,84.029,1147,1365,212,1,6,1147,84.03,1,1365,1366,99,99,1566,2924,3177,0,1480,1641
AHE-L391,MICAL3,73.486,1153,1569,394,11,22,1153,73.49,1,1564,1564,100,100,4516,6067,6843,0,926,1026
AHE-L392,SSTR3,85.412,767,898,131,0,0,767,85.41,8,905,911,99,99,107,1004,1236,0,1031,1142
AHE-L393,ELFN2,87.621,1175,1341,166,0,0,1175,87.62,2,1342,1342,99,99,1,1341,2415,0,1671,1852
AHE-L394,TCF20,86.377,1192,1380,161,5,27,1192,86.38,2,1354,1362,99,99,4339,5718,5946,0,1644,1822
AHE-L395,NHS,87.193,1171,1343,163,2,9,1171,87.19,1,1340,1341,99,99,1759,3095,4443,0,1647,1826
AHE-L396,KLHL34,80.294,1255,1563,306,2,2,1255,80.29,75,1636,1802,87,87,82,1643,1809,0,1424,1578
AHE-L397,KLHL15,91.667,165,180,15,0,0,165,91.67,1,180,1120,16,16,1636,1815,1815,9.57E-68,258,285
AHE-L399,BCOR,82.214,1114,1355,208,10,33,1114,82.21,17,1362,1364,99,99,165,1495,5259,0,1342,1488
AHE-L4,SPEN,78.034,778,997,207,8,12,778,78.03,1,991,1205,99,82,8304,9294,10623,0,786,871
AHE-L40,CHRM3,85.457,1187,1389,199,1,3,1187,85.46,1,1389,1571,88,88,433,1818,1818,0,1593,1766
AHE-L400,NEXMIF,82.285,1138,1383,209,6,36,1138,82.28,1,1380,1380,100,100,1363,2712,4683,0,1396,1547
AHE-L401,ZNF711,87.169,890,1021,131,0,0,890,87.17,4,1024,1347,76,76,1243,2263,2511,0,1251,1387
AHE-L403,BCORL1,70.51,899,1275,326,19,50,899,70.51,10,1262,1350,93,93,763,2009,4647,5.97E-160,564,625
AHE-L41,KIF26B,83.37,1143,1371,204,3,24,1143,83.37,1,1359,1359,100,100,2431,3789,6327,0,1453,1611
AHE-L42,PXDN,88.526,1327,1499,172,0,0,1327,88.53,1,1499,1500,99,99,2131,3629,4467,0,1929,2138
AHE-L43,KCNF1,81.057,1181,1457,266,4,10,1181,81.06,1,1452,1456,99,99,8,1459,1479,0,1378,1527
AHE-L44,KCNS3,88.195,1300,1474,171,1,3,1300,88.2,25,1498,1529,96,96,1,1471,1509,0,1873,2076
AHE-L46,APOB,78.607,1106,1407,285,8,16,1106,78.61,1,1398,1447,97,97,9010,10409,13896,0,1159,1285
AHE-L48,TDRD15,69.492,820,1180,315,13,45,820,69.49,1,1168,1168,100,100,2279,3425,6309,3.25E-137,489,541
AHE-L49,BIRC6,92.075,1278,1388,110,0,0,1278,92.07,13,1400,1400,99,99,1399,2786,14571,0,2008,2226
AHE-L5,GJA4,76.521,805,1052,228,5,19,805,76.52,1,1045,1111,94,94,1,1040,1077,0,779,863
AHE-L50,MSH6,80.489,1217,1512,287,5,8,1217,80.49,7,1514,1521,99,99,1600,3107,4020,0,1393,1544
AHE-L51,STON1,75.493,995,1318,262,13,61,995,75.49,125,1431,1440,91,91,641,1908,3375,0,918,1017
AHE-L52,GPR75,79.56,1265,1590,316,5,9,1265,79.56,46,1629,1632,97,97,3,1589,1647,0,1388,1539
AHE-L53,SPTBN1,89.474,255,285,30,0,0,255,89.47,107,391,392,73,73,4580,4864,7062,3.90E-105,379,420
AHE-L54,CCDC85A,80.553,758,941,171,4,12,758,80.55,4,938,966,97,97,271,1205,1521,0,866,959
AHE-L55,BCL11A,91.42,1172,1282,107,1,3,1172,91.42,52,1333,1334,96,96,383,1661,2388,0,1815,2012
AHE-L56,LRRTM1,82.687,1151,1392,233,4,8,1151,82.69,152,1536,1537,90,90,1,1391,1575,0,1414,1567
AHE-L57,RNF103,85.305,1161,1361,159,4,41,1161,85.3,10,1329,1329,99,99,964,2324,2505,0,1572,1743
AHE-L58,RANBP2,82.077,1154,1406,207,6,45,1154,82.08,3,1366,1395,98,98,2711,4113,9171,0,1414,1567
AHE-L59,CLASP1,89.848,177,197,20,0,0,177,89.85,351,547,551,36,36,1,197,4566,8.88E-71,266,294
AHE-L60,ZEB2,94.399,1500,1589,83,2,6,1500,94.4,1,1586,1591,99,99,1476,3061,3822,0,2461,2729
AHE-L61,FIGN,90.959,1499,1648,149,0,0,1499,90.96,3,1650,1651,99,99,78,1725,2328,0,2301,2551
AHE-L62,XIRP2,86.114,1507,1750,241,2,2,1507,86.11,3,1751,1751,99,99,786,2534,10179,0,2056,2279
AHE-L7,MACF1,69.517,935,1345,395,8,15,935,69.52,28,1363,1374,97,97,4618,5956,20898,2.59E-158,559,619
AHE-L74,ASNSD1,72.421,1074,1483,376,8,33,1074,72.42,66,1530,1532,96,96,1,1468,1905,0,825,914
AHE-L75,PLCL1,79.921,1218,1524,255,6,51,1218,79.92,24,1496,1500,98,98,273,1796,3303,0,1388,1539
AHE-L76,BMPR2,88.062,1136,1290,147,3,7,1136,88.06,36,1322,1322,97,97,1598,2883,3129,0,1626,1802
AHE-L77,RAPH1,81.95,1244,1518,252,4,22,1244,81.95,1,1496,1650,91,91,2329,3846,3846,0,1507,1670
AHE-L78,CMKLR2,79.637,790,992,202,0,0,790,79.64,55,1046,1050,94,94,97,1088,1188,0,881,976
AHE-L8,RLF,81.099,1210,1492,259,5,23,1210,81.1,3,1472,1506,98,98,1006,2496,5781,0,1418,1572
AHE-L80,KLF7,86.164,548,636,82,1,6,548,86.16,37,672,672,95,95,213,842,1014,0,752,833
AHE-L81,MAP2,85.336,1030,1207,174,1,3,1030,85.34,59,1265,1341,94,90,1600,2803,5640,0,1378,1527
AHE-L82,ZNF142,79.942,1104,1381,238,11,39,1104,79.94,1,1346,1352,99,99,4078,5454,6048,0,1232,1366
AHE-L83,SCG2,78.365,652,832,169,5,11,652,78.37,5,826,1276,64,64,1090,1920,1920,0,677,750
AHE-L84,IRS1,85.56,1422,1662,219,4,21,1422,85.56,4,1659,1659,99,99,1,1647,3627,0,1917,2125
AHE-L85,ACKR3,83.476,879,1053,171,1,3,879,83.48,1,1053,1053,100,100,422,1471,1482,0,1113,1234
AHE-L86,LRRN1,89.509,1459,1630,171,0,0,1459,89.51,80,1709,1709,95,95,29,1658,2151,0,2169,2405
AHE-L87,IQSEC1,91.397,1158,1267,106,1,3,1158,91.4,7,1273,1281,99,99,347,1610,3438,0,1792,1987
AHE-L88,WNT7A,91.286,440,482,42,0,0,440,91.29,2,483,1393,35,35,569,1050,1050,0,681,754
AHE-L89,PLCL2,88.113,1186,1346,160,0,0,1186,88.11,1,1346,1347,99,99,313,1658,3366,0,1707,1892
AHE-L9,HIVEP3,74.932,1106,1476,337,11,33,1106,74.93,63,1511,1518,95,95,3624,5093,7404,0,975,1080
AHE-L90,GOLGA4,77.038,1030,1337,271,13,36,1030,77.04,26,1344,1405,94,94,3701,5019,6699,0,1005,1114
AHE-L91,NKTR,66.949,871,1301,364,11,66,871,66.95,11,1290,1410,91,91,1148,2403,4185,5.86E-116,418,463
AHE-L92,KLHL40,82.124,951,1158,198,2,9,951,82.12,174,1322,1325,87,87,1,1158,1872,0,1155,1280
AHE-L93,SNRK,87.993,1026,1166,134,2,6,1026,87.99,2,1161,1587,73,73,1193,2358,2358,0,1469,1628
AHE-L94,SETD2,73.294,988,1348,309,17,51,988,73.29,58,1387,1492,89,89,781,2095,8418,0,778,862
AHE-L95,BSN,84.568,1507,1782,253,5,22,1507,84.57,1,1766,1766,100,100,4189,5964,12126,0,1975,2190
AHE-L97,NISCH,82.165,1078,1312,219,6,15,1078,82.16,30,1332,1337,97,97,1706,3011,4278,0,1298,1439
AHE-L98,PDZRN3,82.555,1273,1542,257,4,12,1273,82.56,1,1530,1793,85,85,1639,3180,3180,0,1562,1731
AHE-L99,CCDC80,78.832,1147,1455,244,7,64,1147,78.83,51,1444,1452,96,96,341,1792,2892,0,1263,1400
AHE-L101,USF3,74.444,1037,1393,270,15,86,1037,74.44,1,1365,1378,99,99,3123,4457,6822,0,918,1017
AHE-L126,FAT4,84.879,1336,1574,238,0,0,1336,84.88,1,1574,1574,100,100,73,1646,15057,0,1768,1960
AHE-L127,FAT4,85.606,791,924,133,0,0,791,85.61,1,924,927,99,99,6028,6951,15057,0,1071,1187
AHE-L158,DSP,84.05,1154,1373,219,0,0,1154,84.05,5,1377,1377,99,99,3101,4473,8592,0,1489,1651
AHE-L167,DST,83.836,612,730,118,0,0,612,83.84,404,1133,1695,71,43,4378,5107,18822,0,785,870
AHE-L175,HIVEP2,82.875,1355,1635,219,7,61,1355,82.87,5,1608,1614,99,99,3526,5130,7293,0,1716,1902
AHE-L193,PLXNA1,66.209,627,947,288,15,32,627,66.21,186,1116,1184,79,79,185,1115,5685,1.72E-58,227,251
AHE-L244,KAT6B,87.54,541,618,77,0,0,541,87.54,267,884,890,69,69,1,618,6075,0,768,851
AHE-L266,SHANK2,92.882,535,576,38,1,3,535,92.88,1,573,645,89,89,4936,5511,5511,0,853,945
AHE-L278,KMT2A,82.188,1029,1252,215,4,8,1029,82.19,52,1299,1299,96,96,450,1697,11643,0,1242,1377
AHE-L296,SACS,86.558,1275,1473,198,0,0,1275,86.56,6,1478,1485,99,99,1428,2900,14583,0,1764,1956
AHE-L322,VPS18,98.769,722,731,9,0,0,722,98.77,1,731,731,100,100,2198,2928,2928,0,1278,1417
AHE-L371,ZNF536,87.509,1233,1409,176,0,0,1233,87.51,293,1701,1701,83,83,1,1409,3975,0,1748,1938
AHE-L402,IRS1,76.347,255,334,79,0,0,255,76.35,67,400,407,82,82,484,817,3627,6.03E-65,247,273
AHE-L47,APOB,75.315,1016,1349,311,11,22,1016,75.32,15,1354,1354,99,99,4428,5763,13896,0,902,1000
AHE-L96,RBM15,74.336,252,339,79,7,8,252,74.34,448,782,1655,25,20,1204,1538,2865,4.08E-49,196,216
AHE-L135,no exonic match,,,,,,,,,,,,,,,,,,,
AHE-L138,no exonic match,,,,,,,,,,,,,,,,,,,
AHE-L141,no exonic match,,,,,,,,,,,,,,,,,,,
AHE-L196,no exonic match,,,,,,,,,,,,,,,,,,,
AHE-L198,no exonic match,,,,,,,,,,,,,,,,,,,
AHE-L199,no exonic match,,,,,,,,,,,,,,,,,,,
AHE-L204,no exonic match,,,,,,,,,,,,,,,,,,,
AHE-L234,no exonic match,,,,,,,,,,,,,,,,,,,
AHE-L246,no exonic match,,,,,,,,,,,,,,,,,,,
AHE-L247,no exonic match,,,,,,,,,,,,,,,,,,,
AHE-L252,no exonic match,,,,,,,,,,,,,,,,,,,
AHE-L253,no exonic match,,,,,,,,,,,,,,,,,,,
AHE-L256,no exonic match,,,,,,,,,,,,,,,,,,,
AHE-L268,no exonic match,,,,,,,,,,,,,,,,,,,
AHE-L280,no exonic match,,,,,,,,,,,,,,,,,,,
AHE-L304,no exonic match,,,,,,,,,,,,,,,,,,,
AHE-L323,no exonic match,,,,,,,,,,,,,,,,,,,
AHE-L355,no exonic match,,,,,,,,,,,,,,,,,,,
AHE-L398,no exonic match,,,,,,,,,,,,,,,,,,,
AHE-L63,no exonic match,,,,,,,,,,,,,,,,,,,
AHE-L64,no exonic match,,,,,,,,,,,,,,,,,,,
AHE-L65,no exonic match,,,,,,,,,,,,,,,,,,,
AHE-L66,no exonic match,,,,,,,,,,,,,,,,,,,
AHE-L67,no exonic match,,,,,,,,,,,,,,,,,,,
AHE-L68,no exonic match,,,,,,,,,,,,,,,,,,,
AHE-L69,no exonic match,,,,,,,,,,,,,,,,,,,
AHE-L70,no exonic match,,,,,,,,,,,,,,,,,,,
AHE-L71,no exonic match,,,,,,,,,,,,,,,,,,,
AHE-L72,no exonic match,,,,,,,,,,,,,,,,,,,
AHE-L73,no exonic match,,,,,,,,,,,,,,,,,,,