Gene_name,Alignment_name,amplify,tree.no,all.maximus.clade,No_of_taxa,Alignment_length,Total_matrix_cells,Undetermined_characters,Missing_percent,No_variable_sites,Proportion_variable_sites,Parsimony_informative_sites,Proportion_parsimony_informative,AT_content,GC_content,A,C,G,T,K,M,R,Y,S,W,B,V,H,D,X,N,O,X.,X..1
,T545_L1_NT.fasta,,1,TRUE,71,1926,136746,17200,12.578,583,0.303,265,0.138,0.436,0.564,28030,38769,28481,24064,0,0,108,94,0,0,0,0,0,0,0,1201,0,15999,0
,T545_L10_NT.fasta,,2,TRUE,77,2070,159390,12868,8.073,530,0.256,180,0.087,0.608,0.392,40390,32267,25062,48745,0,0,20,38,0,0,0,0,0,0,0,2407,0,10461,0
ZBTB20,T545_L100_NT.fasta,yes,3,TRUE,77,2127,163779,11027,6.733,510,0.24,206,0.097,0.515,0.485,35817,34072,39894,42917,0,0,32,20,0,0,0,0,0,0,0,2504,0,8523,0
ZNF148,T545_L101_NT.fasta,yes,4,TRUE,77,1977,152229,9685,6.362,439,0.222,147,0.074,0.597,0.403,39071,29149,28186,46089,0,0,28,21,0,0,0,0,0,0,0,2413,0,7272,0
,T545_L102_NT.fasta,,5,TRUE,77,1812,139524,9697,6.95,514,0.284,209,0.115,0.522,0.478,29987,31516,30412,37797,0,0,51,64,0,0,0,0,0,0,0,1030,0,8667,0
,T545_L103_NT.fasta,,6,TRUE,77,1857,142989,11885,8.312,644,0.347,271,0.146,0.564,0.436,38665,26406,30620,35233,0,0,104,76,0,0,0,0,0,0,0,2402,0,9483,0
,T545_L104_NT.fasta,,7,TRUE,77,2034,156618,9836,6.28,660,0.324,279,0.137,0.597,0.403,52889,28487,30666,34666,0,0,36,38,0,0,0,0,0,0,0,746,0,9090,0
,T545_L105_NT.fasta,,8,TRUE,74,1491,110334,8688,7.874,598,0.401,227,0.152,0.609,0.391,34487,22306,17360,27402,0,0,32,59,0,0,0,0,0,0,0,1170,0,7518,0
,T545_L106_NT.fasta,,9,TRUE,76,1254,95304,12617,13.239,428,0.341,199,0.159,0.551,0.449,24658,19041,17915,20983,0,0,45,45,0,0,0,0,0,0,0,3065,0,9552,0
,T545_L107_NT.fasta,,10,TRUE,75,1614,121050,13647,11.274,493,0.305,166,0.103,0.633,0.367,34364,18637,20780,33556,0,0,39,27,0,0,0,0,0,0,0,3072,0,10575,0
,T545_L108_NT.fasta,,11,TRUE,77,2118,163086,12811,7.855,656,0.31,241,0.114,0.58,0.42,38714,32710,30347,48367,0,0,66,71,0,0,0,0,0,0,0,2731,0,10080,0
,T545_L130_NT.fasta,,36,FALSE,72,2406,173232,13556,7.825,863,0.359,331,0.138,0.617,0.383,47545,30645,30518,50856,0,0,57,55,0,0,0,0,0,0,0,2237,0,11319,0
,T545_L235_NT.fasta,,152,FALSE,75,2361,177075,10625,6,751,0.318,245,0.104,0.542,0.458,42041,35449,40597,48226,0,0,71,66,0,0,0,0,0,0,0,2420,0,8205,0
,T545_L109_NT.fasta,,12,TRUE,76,1314,99864,8883,8.895,500,0.381,210,0.16,0.59,0.41,24937,18275,18922,28780,0,0,34,33,0,0,0,0,0,0,0,1599,0,7284,0
,T545_L11_NT.fasta,,13,TRUE,76,1509,114684,12118,10.566,461,0.306,178,0.118,0.628,0.372,31401,17977,20097,33016,0,0,28,47,0,0,0,0,0,0,0,2071,0,10047,0
,T545_L110_NT.fasta,,14,TRUE,76,1611,122436,9459,7.726,471,0.292,187,0.116,0.594,0.406,34565,22904,22848,32572,0,0,58,30,0,0,0,0,0,0,0,1323,0,8136,0
,T545_L111_NT.fasta,,15,TRUE,77,1344,103488,9253,8.941,471,0.35,200,0.149,0.491,0.509,25477,23362,24538,20770,0,0,47,41,0,0,0,0,0,0,0,1603,0,7650,0
,T545_L112_NT.fasta,,16,TRUE,77,1938,149226,15617,10.465,598,0.309,242,0.125,0.57,0.43,39440,27838,29577,36686,0,0,30,38,0,0,0,0,0,0,0,1487,0,14130,0
,T545_L113_NT.fasta,,17,TRUE,77,2052,158004,9811,6.209,704,0.343,233,0.114,0.534,0.466,39067,36861,32122,40045,0,0,48,50,0,0,0,0,0,0,0,865,0,8946,0
,T545_L114_NT.fasta,,18,TRUE,77,2091,161007,10784,6.698,264,0.126,84,0.04,0.61,0.39,48564,24823,33733,43046,0,0,39,18,0,0,0,0,0,0,0,263,0,10521,0
,T545_L115_NT.fasta,,19,TRUE,77,2106,162162,9927,6.122,522,0.248,232,0.11,0.566,0.434,44648,31078,34920,41504,0,0,38,47,0,0,0,0,0,0,0,1479,0,8448,0
,T545_L116_NT.fasta,,20,TRUE,76,1755,133380,10654,7.988,544,0.31,226,0.129,0.528,0.472,40617,28528,29413,24050,0,0,65,53,0,0,0,0,0,0,0,763,0,9891,0
,T545_L117_NT.fasta,,21,TRUE,77,1644,126588,10834,8.558,533,0.324,247,0.15,0.478,0.522,28341,33057,27278,26871,0,0,105,102,0,0,0,0,0,0,0,1033,0,9801,0
,T545_L118_NT.fasta,,22,TRUE,77,1707,131439,10226,7.78,511,0.299,215,0.126,0.582,0.418,35670,25004,25580,34874,0,0,42,43,0,0,0,0,0,0,0,1232,0,8994,0
,T545_L119_NT.fasta,,23,TRUE,77,1938,149226,11422,7.654,522,0.269,199,0.103,0.62,0.38,40474,26154,26124,44914,0,0,69,69,0,0,0,0,0,0,0,2035,0,9387,0
,T545_L12_NT.fasta,,24,TRUE,75,2106,157950,13014,8.239,390,0.185,121,0.057,0.619,0.381,40800,30315,24838,48941,0,0,18,24,0,0,0,0,0,0,0,2337,0,10677,0
,T545_L120_NT.fasta,,25,TRUE,77,2178,167706,13646,8.137,574,0.264,258,0.118,0.515,0.485,35622,36247,38293,43700,0,0,99,99,0,0,0,0,0,0,0,2579,0,11067,0
,T545_L121_NT.fasta,,26,TRUE,76,1947,147972,18421,12.449,539,0.277,233,0.12,0.424,0.576,25829,37652,37300,28649,0,0,49,72,0,0,0,0,0,0,0,619,0,17802,0
,T545_L122_NT.fasta,,27,TRUE,76,1545,117420,8326,7.091,555,0.359,231,0.15,0.619,0.381,33562,21251,20137,33978,0,0,86,80,0,0,0,0,0,0,0,1375,0,6951,0
,T545_L123_NT.fasta,,28,TRUE,77,2085,160545,8697,5.417,521,0.25,190,0.091,0.572,0.428,43054,31512,33418,43684,0,0,83,97,0,0,0,0,0,0,0,207,0,8490,0
,T545_L124_NT.fasta,,29,TRUE,77,2187,168399,13097,7.777,580,0.265,217,0.099,0.556,0.444,40085,31193,37749,46101,0,0,94,80,0,0,0,0,0,0,0,3620,0,9477,0
,T545_L125_NT.fasta,,30,TRUE,77,2478,190806,13372,7.008,686,0.277,284,0.115,0.582,0.418,53145,36591,37434,50175,0,0,51,38,0,0,0,0,0,0,0,3424,0,9948,0
,T545_L126_NT.fasta,,31,TRUE,77,1746,134442,13896,10.336,679,0.389,276,0.158,0.591,0.409,36698,23634,25533,34538,0,0,73,70,0,0,0,0,0,0,0,1416,0,12480,0
,T545_L127_NT.fasta,,32,TRUE,77,1638,126126,9043,7.17,517,0.316,160,0.098,0.545,0.455,37857,27985,25168,25995,0,0,41,37,0,0,0,0,0,0,0,871,0,8172,0
,T545_L128_NT.fasta,,33,TRUE,77,1563,120351,10692,8.884,584,0.374,220,0.141,0.57,0.43,34778,24714,22407,27618,0,0,63,79,0,0,0,0,0,0,0,1362,0,9330,0
,T545_L129_NT.fasta,,34,TRUE,77,2337,179949,13155,7.31,677,0.29,240,0.103,0.575,0.425,46061,33314,37552,49760,0,0,62,45,0,0,0,0,0,0,0,2670,0,10485,0
,T545_L13_NT.fasta,,35,TRUE,77,2016,155232,10300,6.635,523,0.259,186,0.092,0.537,0.463,43907,33320,33743,33845,0,0,52,65,0,0,0,0,0,0,0,1477,0,8823,0
,T545_L131_NT.fasta,,37,TRUE,77,1812,139524,12433,8.911,710,0.392,292,0.161,0.559,0.441,36020,27821,28195,34812,0,0,107,136,0,0,0,0,0,0,0,2596,0,9837,0
,T545_L132_NT.fasta,,38,TRUE,77,1671,128667,12065,9.377,536,0.321,212,0.127,0.445,0.555,23552,33731,30891,28322,0,0,52,54,0,0,0,0,0,0,0,878,0,11187,0
,T545_L292_NT.fasta,,214,FALSE,76,2166,164616,15009,9.118,704,0.325,286,0.132,0.611,0.389,36248,32296,25847,55121,0,0,26,69,0,0,0,0,0,0,0,2514,0,12495,0
,T545_L353_NT.fasta,,282,FALSE,75,2166,162450,11470,7.061,627,0.289,287,0.133,0.54,0.46,39320,35780,33511,42139,0,0,105,125,0,0,0,0,0,0,0,1459,0,10011,0
,T545_L133_NT.fasta,,39,TRUE,77,1956,150612,10853,7.206,708,0.362,257,0.131,0.588,0.412,38841,31027,26432,43344,0,0,54,61,0,0,0,0,0,0,0,1994,0,8859,0
,T545_L135_NT.fasta,,41,TRUE,77,2013,155001,13958,9.005,713,0.354,291,0.145,0.595,0.405,42464,29793,27351,41331,0,0,47,57,0,0,0,0,0,0,0,2444,0,11514,0
,T545_L136_NT.fasta,,42,TRUE,77,1935,148995,8712,5.847,407,0.21,166,0.086,0.577,0.423,44604,31312,27897,36390,0,0,47,33,0,0,0,0,0,0,0,681,0,8031,0
,T545_L137_NT.fasta,,43,TRUE,76,2100,159600,12506,7.836,519,0.247,188,0.09,0.526,0.474,35363,31220,38399,41892,0,0,111,109,0,0,0,0,0,0,0,2867,0,9639,0
,T545_L138_NT.fasta,,44,TRUE,76,2301,174876,14135,8.083,728,0.316,329,0.143,0.591,0.409,46399,30524,35239,48508,0,0,37,34,0,0,0,0,0,0,0,1679,0,12456,0
,T545_L139_NT.fasta,,45,TRUE,77,1581,121737,7620,6.259,469,0.297,179,0.113,0.596,0.404,31140,23523,22540,36847,0,0,35,32,0,0,0,0,0,0,0,1173,0,6447,0
,T545_L14_NT.fasta,,46,TRUE,77,1983,152691,10166,6.658,681,0.343,264,0.133,0.543,0.457,35626,30509,34492,41739,0,0,87,72,0,0,0,0,0,0,0,1595,0,8571,0
,T545_L140_NT.fasta,,47,TRUE,77,2424,186648,15275,8.184,622,0.257,220,0.091,0.562,0.438,46573,42294,32711,49695,0,0,71,29,0,0,0,0,0,0,0,1517,0,13758,0
,T545_L141_NT.fasta,,48,TRUE,77,1833,141141,16643,11.792,639,0.349,241,0.131,0.533,0.467,30276,30481,27535,36120,0,0,37,49,0,0,0,0,0,0,0,1667,0,14976,0
,T545_L142_NT.fasta,,49,TRUE,77,1989,153153,11722,7.654,735,0.37,254,0.128,0.523,0.477,39360,35453,31803,34658,0,0,77,80,0,0,0,0,0,0,0,2224,0,9498,0
,T545_L143_NT.fasta,,50,TRUE,73,2031,148263,8787,5.927,665,0.327,280,0.138,0.551,0.449,35092,31222,31361,41698,0,0,56,47,0,0,0,0,0,0,0,1134,0,7653,0
,T545_L144_NT.fasta,,51,TRUE,77,2088,160776,11884,7.392,666,0.319,250,0.12,0.505,0.495,35339,38097,35396,39957,0,0,44,59,0,0,0,0,0,0,0,2239,0,9645,0
,T545_L145_NT.fasta,,52,TRUE,77,2106,162162,10822,6.674,666,0.316,247,0.117,0.567,0.433,39971,33697,31647,45902,0,0,62,61,0,0,0,0,0,0,0,2095,0,8727,0
,T545_L146_NT.fasta,,53,TRUE,76,1944,147744,14219,9.624,600,0.309,242,0.124,0.628,0.372,40751,27748,21847,43039,0,0,60,80,0,0,0,0,0,0,0,3131,0,11088,0
,T545_L147_NT.fasta,,54,TRUE,77,1824,140448,10974,7.814,568,0.311,168,0.092,0.586,0.414,37814,27501,25953,38135,0,0,38,33,0,0,0,0,0,0,0,1692,0,9282,0
,T545_L148_NT.fasta,,55,TRUE,77,2013,155001,9367,6.043,653,0.324,227,0.113,0.593,0.407,46183,29097,30059,40235,0,0,31,29,0,0,0,0,0,0,0,1240,0,8127,0
,T545_L149_NT.fasta,,56,TRUE,77,2094,161238,12330,7.647,667,0.319,267,0.128,0.515,0.485,40611,38780,33351,36039,0,0,46,81,0,0,0,0,0,0,0,1443,0,10887,0
,T545_L15_NT.fasta,,57,TRUE,77,2151,165627,8866,5.353,506,0.235,189,0.088,0.525,0.475,40181,36594,37808,42076,0,0,47,55,0,0,0,0,0,0,0,856,0,8010,0
,T545_L151_NT.fasta,,59,TRUE,76,2106,160056,9135,5.707,470,0.223,182,0.086,0.537,0.463,45143,32545,37316,35812,0,0,42,63,0,0,0,0,0,0,0,414,0,8721,0
,T545_L152_NT.fasta,,60,TRUE,77,1905,146685,9212,6.28,487,0.256,184,0.097,0.578,0.422,45642,30463,27465,33795,0,0,37,71,0,0,0,0,0,0,0,455,0,8757,0
,T545_L153_NT.fasta,,61,TRUE,77,2028,156156,12867,8.24,551,0.272,223,0.11,0.514,0.486,34109,31085,38545,39475,0,0,34,41,0,0,0,0,0,0,0,2925,0,9942,0
,T545_L156_NT.fasta,,64,TRUE,77,2094,161238,10133,6.284,703,0.336,259,0.124,0.555,0.445,43270,34351,32830,40552,0,0,54,48,0,0,0,0,0,0,0,1289,0,8844,0
,T545_L157_NT.fasta,,65,TRUE,77,2484,191268,13898,7.266,682,0.275,251,0.101,0.6,0.4,53611,38494,32362,52846,0,0,28,29,0,0,0,0,0,0,0,2414,0,11484,0
,T545_L158_NT.fasta,,66,TRUE,77,1938,149226,12850,8.611,563,0.291,235,0.121,0.577,0.423,37826,29799,27713,40924,0,0,67,47,0,0,0,0,0,0,0,2749,0,10101,0
,T545_L159_NT.fasta,,67,TRUE,77,1989,153153,13949,9.108,784,0.394,313,0.157,0.589,0.411,37631,29295,27856,44293,0,0,66,63,0,0,0,0,0,0,0,3653,0,10296,0
,T545_L160_NT.fasta,,69,TRUE,77,2022,155694,11626,7.467,596,0.295,232,0.115,0.606,0.394,38778,31024,25696,48482,0,0,44,44,0,0,0,0,0,0,0,3316,0,8310,0
,T545_L161_NT.fasta,,70,TRUE,76,1749,132924,9199,6.92,556,0.318,244,0.14,0.583,0.417,35066,26849,24676,37015,0,0,45,74,0,0,0,0,0,0,0,1156,0,8043,0
,T545_L162_NT.fasta,,71,TRUE,77,2079,160083,11383,7.111,523,0.252,214,0.103,0.61,0.39,50901,25983,31945,39767,0,0,54,50,0,0,0,0,0,0,0,1162,0,10221,0
,T545_L163_NT.fasta,,72,TRUE,77,1629,125433,12293,9.8,573,0.352,242,0.149,0.524,0.476,27897,26776,27123,31259,0,0,49,36,0,0,0,0,0,0,0,2342,0,9951,0
,T545_L236_NT.fasta,,153,FALSE,76,2121,161196,13044,8.092,236,0.111,60,0.028,0.613,0.387,48194,27782,29389,42682,0,0,54,51,0,0,0,0,0,0,0,4929,0,8115,0
,T545_L164_NT.fasta,,73,TRUE,77,2064,158928,11713,7.37,457,0.221,121,0.059,0.612,0.388,42944,31751,25391,47073,0,0,29,27,0,0,0,0,0,0,0,2260,0,9453,0
,T545_L166_NT.fasta,,75,TRUE,77,2121,163317,10704,6.554,710,0.335,269,0.127,0.531,0.469,38588,31325,40197,42359,0,0,51,93,0,0,0,0,0,0,0,2148,0,8556,0
,T545_L167_NT.fasta,,76,TRUE,77,2169,167013,15117,9.051,627,0.289,244,0.112,0.556,0.444,39753,30440,36918,44714,0,0,40,31,0,0,0,0,0,0,0,2328,0,12789,0
,T545_L168_NT.fasta,,77,TRUE,77,2142,164934,12236,7.419,572,0.267,190,0.089,0.56,0.44,37033,33675,33472,48452,0,0,35,31,0,0,0,0,0,0,0,2654,0,9582,0
,T545_L169_NT.fasta,,78,TRUE,77,2019,155463,14179,9.12,554,0.274,204,0.101,0.6,0.4,41705,30188,26262,43038,0,0,48,43,0,0,0,0,0,0,0,2719,0,11460,0
,T545_L17_NT.fasta,,79,TRUE,76,1560,118560,9467,7.985,302,0.194,108,0.069,0.448,0.552,26632,29103,31076,22231,0,0,37,14,0,0,0,0,0,0,0,389,0,9078,0
,T545_L170_NT.fasta,,80,TRUE,77,1695,130515,12118,9.285,561,0.331,232,0.137,0.554,0.446,28394,29007,23696,37228,0,0,29,43,0,0,0,0,0,0,0,1531,0,10587,0
,T545_L171_NT.fasta,,81,TRUE,77,2163,166551,13089,7.859,666,0.308,261,0.121,0.587,0.413,48634,31278,32012,41402,0,0,73,63,0,0,0,0,0,0,0,1818,0,11271,0
,T545_L172_NT.fasta,,82,TRUE,76,2283,173508,10595,6.106,640,0.28,229,0.1,0.6,0.4,63501,25381,39748,34196,0,0,49,38,0,0,0,0,0,0,0,563,0,10032,0
,T545_L173_NT.fasta,,83,TRUE,77,1992,153384,16755,10.924,596,0.299,183,0.092,0.581,0.419,32975,29828,27318,46413,0,0,31,64,0,0,0,0,0,0,0,2082,0,14673,0
,T545_L174_NT.fasta,,84,TRUE,76,2106,160056,13515,8.444,339,0.161,107,0.051,0.555,0.445,41366,30714,34237,40173,0,0,29,22,0,0,0,0,0,0,0,1035,0,12480,0
,T545_L175_NT.fasta,,85,TRUE,74,1758,130092,13300,10.224,633,0.36,193,0.11,0.554,0.446,30889,27957,24036,33845,0,0,37,28,0,0,0,0,0,0,0,2710,0,10590,0
,T545_L176_NT.fasta,,86,TRUE,68,1902,129336,10824,8.369,431,0.227,177,0.093,0.404,0.596,26867,38786,31810,20932,0,0,45,72,0,0,0,0,0,0,0,558,0,10266,0
,T545_L177_NT.fasta,,87,TRUE,77,2133,164241,9170,5.583,591,0.277,220,0.103,0.56,0.44,44449,36747,31484,42306,0,0,44,41,0,0,0,0,0,0,0,1241,0,7929,0
,T545_L178_NT.fasta,,88,TRUE,77,1908,146916,10921,7.433,612,0.321,238,0.125,0.549,0.451,34877,29936,31306,39737,0,0,75,64,0,0,0,0,0,0,0,1741,0,9180,0
,T545_L179_NT.fasta,,89,TRUE,77,2145,165165,15452,9.355,715,0.333,310,0.145,0.475,0.525,29392,34602,43883,41670,0,0,71,95,0,0,0,0,0,0,0,2252,0,13200,0
,T545_L180_NT.fasta,,91,TRUE,77,2013,155001,8626,5.565,478,0.237,176,0.087,0.583,0.417,44923,33523,27427,40359,0,0,67,76,0,0,0,0,0,0,0,424,0,8202,0
,T545_L181_NT.fasta,,92,TRUE,77,1569,120813,13576,11.237,559,0.356,240,0.153,0.588,0.412,31455,21507,22598,31555,0,0,63,59,0,0,0,0,0,0,0,2758,0,10818,0
,T545_L182_NT.fasta,,93,TRUE,77,1821,140217,10080,7.189,617,0.339,274,0.15,0.593,0.407,38711,25546,27218,38502,0,0,73,87,0,0,0,0,0,0,0,1434,0,8646,0
,T545_L183_NT.fasta,,94,TRUE,77,2319,178563,13697,7.671,729,0.314,277,0.119,0.534,0.466,42225,34697,41904,45833,0,0,105,102,0,0,0,0,0,0,0,2735,0,10962,0
,T545_L184_NT.fasta,,95,TRUE,77,1893,145761,11147,7.647,581,0.307,226,0.119,0.548,0.452,37974,30248,30508,35780,0,0,64,40,0,0,0,0,0,0,0,2102,0,9045,0
,T545_L186_NT.fasta,,97,TRUE,77,1524,117348,10334,8.806,533,0.35,253,0.166,0.559,0.441,28873,27715,19433,30862,0,0,58,73,0,0,0,0,0,0,0,1787,0,8547,0
,T545_L187_NT.fasta,,98,TRUE,76,1314,99864,8820,8.832,493,0.375,202,0.154,0.581,0.419,28084,18105,20003,24766,0,0,50,36,0,0,0,0,0,0,0,951,0,7869,0
,T545_L188_NT.fasta,,99,TRUE,76,1893,143868,9601,6.673,665,0.351,297,0.157,0.587,0.413,45164,26374,28935,33665,0,0,79,50,0,0,0,0,0,0,0,748,0,8853,0
,T545_L189_NT.fasta,,100,TRUE,77,2040,157080,8242,5.247,461,0.226,182,0.089,0.54,0.46,43480,35067,33409,36801,0,0,45,36,0,0,0,0,0,0,0,1453,0,6789,0
,T545_L19_NT.fasta,,101,TRUE,77,2136,164472,10651,6.476,406,0.19,126,0.059,0.564,0.436,43502,32709,34260,43278,0,0,44,28,0,0,0,0,0,0,0,2497,0,8154,0
,T545_L190_NT.fasta,,102,TRUE,77,2103,161931,11116,6.865,433,0.206,172,0.082,0.527,0.473,42750,40021,31131,36841,0,0,38,34,0,0,0,0,0,0,0,2266,0,8850,0
,T545_L191_NT.fasta,,103,TRUE,77,2262,174174,15317,8.794,578,0.256,266,0.118,0.556,0.444,44690,35115,35333,43624,0,0,45,50,0,0,0,0,0,0,0,1268,0,14049,0
,T545_L192_NT.fasta,,104,TRUE,77,1953,150381,13724,9.126,437,0.224,204,0.104,0.51,0.49,33249,35478,31778,36059,0,0,65,28,0,0,0,0,0,0,0,1064,0,12660,0
,T545_L193_NT.fasta,,105,TRUE,55,1179,64845,6183,9.535,319,0.271,126,0.107,0.65,0.35,18784,10777,9812,19266,0,0,11,12,0,0,0,0,0,0,0,1494,0,4689,0
,T545_L194_NT.fasta,,106,TRUE,77,2073,159621,7612,4.769,430,0.207,197,0.095,0.566,0.434,50206,35448,30493,35774,0,0,48,40,0,0,0,0,0,0,0,169,0,7443,0
,T545_L195_NT.fasta,,107,TRUE,77,2298,176946,10178,5.752,591,0.257,209,0.091,0.583,0.417,50843,32324,37035,46484,0,0,49,33,0,0,0,0,0,0,0,1490,0,8688,0
,T545_L196_NT.fasta,,108,TRUE,77,2133,164241,8420,5.127,548,0.257,230,0.108,0.53,0.47,45547,40397,32808,36949,0,0,58,62,0,0,0,0,0,0,0,437,0,7983,0
,T545_L197_NT.fasta,,109,TRUE,77,2010,154770,8570,5.537,575,0.286,230,0.114,0.507,0.493,44693,39054,32888,29423,0,0,69,73,0,0,0,0,0,0,0,605,0,7965,0
,T545_L198_NT.fasta,,110,TRUE,76,1944,147744,8946,6.055,708,0.364,247,0.127,0.555,0.445,39048,29303,32402,37905,0,0,81,59,0,0,0,0,0,0,0,2556,0,6390,0
,T545_L199_NT.fasta,,111,TRUE,77,2073,159621,9358,5.863,486,0.234,199,0.096,0.606,0.394,40302,28917,30261,50707,0,0,29,47,0,0,0,0,0,0,0,793,0,8565,0
,T545_L2_NT.fasta,,112,TRUE,76,1986,150936,11486,7.61,554,0.279,225,0.113,0.451,0.549,34099,42370,34075,28752,0,0,73,81,0,0,0,0,0,0,0,785,0,10701,0
,T545_L200_NT.fasta,,114,TRUE,77,2253,173481,12613,7.271,650,0.289,239,0.106,0.554,0.446,51452,30630,40991,37678,0,0,66,51,0,0,0,0,0,0,0,1213,0,11400,0
,T545_L201_NT.fasta,,115,TRUE,76,2484,188784,19059,10.096,978,0.394,359,0.145,0.566,0.434,49383,35032,38349,46748,0,0,104,109,0,0,0,0,0,0,0,3723,0,15336,0
,T545_L202_NT.fasta,,116,TRUE,75,1743,130725,13812,10.566,550,0.316,224,0.129,0.462,0.538,25382,31277,31568,28541,0,0,73,72,0,0,0,0,0,0,0,1275,0,12537,0
,T545_L203_NT.fasta,,117,TRUE,77,2049,157773,11774,7.463,768,0.375,274,0.134,0.573,0.427,42771,27328,34943,40857,0,0,44,56,0,0,0,0,0,0,0,2249,0,9525,0
,T545_L204_NT.fasta,,118,TRUE,77,1683,129591,9833,7.588,667,0.396,332,0.197,0.537,0.463,31632,25448,29950,32607,0,0,67,54,0,0,0,0,0,0,0,761,0,9072,0
,T545_L205_NT.fasta,,119,TRUE,77,2139,164703,12059,7.322,700,0.327,273,0.128,0.548,0.452,38397,33081,35742,45271,0,0,85,68,0,0,0,0,0,0,0,2219,0,9840,0
,T545_L206_NT.fasta,,120,TRUE,76,1944,147744,9481,6.417,532,0.274,185,0.095,0.58,0.42,38586,27184,30772,41631,0,0,49,41,0,0,0,0,0,0,0,1444,0,8037,0
,T545_L207_NT.fasta,,121,TRUE,77,2205,169785,14482,8.53,604,0.274,199,0.09,0.61,0.39,43274,30504,29940,51461,0,0,59,65,0,0,0,0,0,0,0,3151,0,11331,0
,T545_L208_NT.fasta,,122,TRUE,77,2025,155925,10093,6.473,573,0.283,221,0.109,0.569,0.431,39645,30817,32000,43264,0,0,61,45,0,0,0,0,0,0,0,1789,0,8304,0
,T545_L209_NT.fasta,,123,TRUE,77,1806,139062,12398,8.915,595,0.329,273,0.151,0.535,0.465,34707,28665,30028,33058,0,0,100,106,0,0,0,0,0,0,0,2513,0,9885,0
,T545_L21_NT.fasta,,124,TRUE,77,1692,130284,8057,6.184,400,0.236,161,0.095,0.549,0.451,36377,29258,25688,30790,0,0,66,48,0,0,0,0,0,0,0,1751,0,6306,0
,T545_L210_NT.fasta,,125,TRUE,77,2187,168399,9444,5.608,425,0.194,169,0.077,0.544,0.456,45382,37433,35031,41006,0,0,60,43,0,0,0,0,0,0,0,345,0,9099,0
,T545_L211_NT.fasta,,126,TRUE,77,1950,150150,11136,7.417,672,0.345,238,0.122,0.534,0.466,38832,34153,30656,35225,0,0,77,71,0,0,0,0,0,0,0,2142,0,8994,0
,T545_L212_NT.fasta,,127,TRUE,64,1935,123840,9126,7.369,588,0.304,295,0.152,0.399,0.601,24277,32548,36239,21379,0,0,125,146,0,0,0,0,0,0,0,942,0,8184,0
,T545_L213_NT.fasta,,128,TRUE,77,2133,164241,16236,9.885,752,0.353,359,0.168,0.482,0.518,35076,35977,40505,36210,0,0,108,129,0,0,0,0,0,0,0,1374,0,14862,0
,T545_L214_NT.fasta,,129,TRUE,75,1809,135675,17609,12.979,721,0.399,334,0.185,0.449,0.551,20651,34395,30426,32271,0,0,174,149,0,0,0,0,0,0,0,1688,0,15921,0
,T545_L215_NT.fasta,,130,TRUE,76,1689,128364,12492,9.732,541,0.32,243,0.144,0.527,0.473,28229,28323,26423,32767,0,0,52,78,0,0,0,0,0,0,0,2208,0,10284,0
,T545_L216_NT.fasta,,131,TRUE,77,2070,159390,10373,6.508,622,0.3,229,0.111,0.543,0.457,36272,34069,33857,44674,0,0,70,75,0,0,0,0,0,0,0,1625,0,8748,0
,T545_L217_NT.fasta,,132,TRUE,73,1335,97455,7344,7.536,486,0.364,185,0.139,0.526,0.474,24791,22974,19635,22637,0,0,36,38,0,0,0,0,0,0,0,1329,0,6015,0
,T545_L218_NT.fasta,,133,TRUE,77,2061,158697,11274,7.104,777,0.377,339,0.164,0.561,0.439,42996,33176,31352,39710,0,0,96,93,0,0,0,0,0,0,0,3030,0,8244,0
,T545_L219_NT.fasta,,134,TRUE,77,1494,115038,9777,8.499,580,0.388,247,0.165,0.543,0.457,27595,24785,23263,29501,0,0,47,70,0,0,0,0,0,0,0,1506,0,8271,0
,T545_L22_NT.fasta,,135,TRUE,77,1455,112035,10812,9.651,488,0.335,191,0.131,0.557,0.443,28653,21583,23147,27757,0,0,44,39,0,0,0,0,0,0,0,1617,0,9195,0
,T545_L220_NT.fasta,,136,TRUE,77,1926,148302,10116,6.821,405,0.21,124,0.064,0.584,0.416,44640,32234,25303,35947,0,0,32,30,0,0,0,0,0,0,0,426,0,9690,0
,T545_L221_NT.fasta,,137,TRUE,76,1893,143868,9444,6.564,680,0.359,280,0.148,0.564,0.436,42632,33061,25441,33067,0,0,129,94,0,0,0,0,0,0,0,1443,0,8001,0
,T545_L222_NT.fasta,,138,TRUE,67,1722,115374,11918,10.33,376,0.218,153,0.089,0.401,0.599,18318,33577,28955,22552,0,0,21,33,0,0,0,0,0,0,0,701,0,11217,0
,T545_L223_NT.fasta,,139,TRUE,77,2241,172557,11919,6.907,439,0.196,147,0.066,0.577,0.423,36687,36267,31641,55970,0,0,34,39,0,0,0,0,0,0,0,2016,0,9903,0
,T545_L224_NT.fasta,,140,TRUE,77,2409,185493,13632,7.349,710,0.295,241,0.1,0.512,0.488,48602,45915,37927,39314,0,0,59,44,0,0,0,0,0,0,0,729,0,12903,0
,T545_L225_NT.fasta,,141,TRUE,77,1998,153846,12977,8.435,536,0.268,187,0.094,0.611,0.389,38215,24865,29888,47831,0,0,27,43,0,0,0,0,0,0,0,2795,0,10182,0
,T545_L226_NT.fasta,,142,TRUE,74,1923,142302,15008,10.547,627,0.326,205,0.107,0.449,0.551,26916,28254,41771,30226,0,0,52,75,0,0,0,0,0,0,0,1118,0,13890,0
,T545_L227_NT.fasta,,143,TRUE,76,1857,141132,13113,9.291,543,0.292,196,0.106,0.524,0.476,35025,31029,29811,32076,0,0,47,31,0,0,0,0,0,0,0,2001,0,11112,0
,T545_L228_NT.fasta,,144,TRUE,76,1404,106704,13744,12.88,468,0.333,194,0.138,0.609,0.391,27699,16457,19786,28906,0,0,38,74,0,0,0,0,0,0,0,2380,0,11364,0
,T545_L229_NT.fasta,,145,TRUE,77,2127,163779,9479,5.788,436,0.205,148,0.07,0.528,0.472,44566,40442,32272,36934,0,0,39,47,0,0,0,0,0,0,0,809,0,8670,0
,T545_L23_NT.fasta,,146,TRUE,77,2157,166089,12907,7.771,561,0.26,219,0.102,0.485,0.515,37842,41181,37638,36468,0,0,28,25,0,0,0,0,0,0,0,1102,0,11805,0
,T545_L230_NT.fasta,,147,TRUE,75,1500,112500,12103,10.758,433,0.289,176,0.117,0.629,0.371,30553,17430,19717,32576,0,0,60,61,0,0,0,0,0,0,0,3073,0,9030,0
,T545_L231_NT.fasta,,148,TRUE,77,2049,157773,13547,8.586,619,0.302,211,0.103,0.516,0.484,36087,31332,38301,38331,0,0,89,86,0,0,0,0,0,0,0,2009,0,11538,0
,T545_L232_NT.fasta,,149,TRUE,77,1980,152460,10338,6.781,602,0.304,245,0.124,0.518,0.482,40757,34748,33621,32920,0,0,33,43,0,0,0,0,0,0,0,1194,0,9144,0
,T545_L233_NT.fasta,,150,TRUE,75,1407,105525,9715,9.206,318,0.226,114,0.081,0.558,0.442,29147,19271,22906,24270,0,0,147,69,0,0,0,0,0,0,0,1777,0,7938,0
,T545_L234_NT.fasta,,151,TRUE,77,2709,208593,17175,8.234,825,0.305,251,0.093,0.553,0.447,46115,43383,42022,59715,0,0,82,101,0,0,0,0,0,0,0,3087,0,14088,0
,T545_L237_NT.fasta,,154,TRUE,76,2202,167352,16070,9.603,479,0.218,165,0.075,0.65,0.35,46718,23861,28862,51736,0,0,43,62,0,0,0,0,0,0,0,3647,0,12423,0
,T545_L238_NT.fasta,,155,TRUE,77,2010,154770,11085,7.162,658,0.327,244,0.121,0.573,0.427,50650,31855,29567,31483,0,0,79,51,0,0,0,0,0,0,0,1329,0,9756,0
,T545_L24_NT.fasta,,157,TRUE,43,1590,68370,1878,2.747,308,0.194,125,0.079,0.381,0.619,11031,17113,24068,14228,0,0,30,22,0,0,0,0,0,0,0,474,0,1404,0
,T545_L240_NT.fasta,,158,TRUE,77,1905,146685,19458,13.265,757,0.397,295,0.155,0.607,0.393,37958,24767,24731,39629,0,0,69,73,0,0,0,0,0,0,0,4140,0,15318,0
,T545_L241_NT.fasta,,159,TRUE,77,2118,163086,10002,6.133,602,0.284,291,0.137,0.549,0.451,45683,31371,37602,38278,0,0,60,90,0,0,0,0,0,0,0,879,0,9123,0
,T545_L71_NT.fasta,,349,FALSE,76,2022,153672,16319,10.619,619,0.306,220,0.109,0.608,0.392,42570,28363,25334,40926,0,0,101,59,0,0,0,0,0,0,0,2699,0,13620,0
,T545_L242_NT.fasta,,160,TRUE,77,2100,161700,7788,4.816,407,0.194,145,0.069,0.539,0.461,42954,34085,36881,39937,0,0,24,31,0,0,0,0,0,0,0,480,0,7308,0
,T545_L243_NT.fasta,,161,TRUE,77,2076,159852,10185,6.372,718,0.346,302,0.145,0.505,0.495,36797,36572,37526,38678,0,0,54,40,0,0,0,0,0,0,0,2094,0,8091,0
,T545_L246_NT.fasta,,163,TRUE,76,1635,124260,10393,8.364,595,0.364,240,0.147,0.531,0.469,31568,26723,26702,28800,0,0,36,38,0,0,0,0,0,0,0,2158,0,8235,0
,T545_L247_NT.fasta,,164,TRUE,77,1839,141603,10043,7.092,473,0.257,169,0.092,0.511,0.489,32898,32501,31825,34286,0,0,26,24,0,0,0,0,0,0,0,1622,0,8421,0
,T545_L248_NT.fasta,,165,TRUE,77,1353,104181,11009,10.567,386,0.285,152,0.112,0.575,0.425,26007,18954,20534,27629,0,0,28,20,0,0,0,0,0,0,0,1676,0,9333,0
,T545_L249_NT.fasta,,166,TRUE,77,2187,168399,9898,5.878,376,0.172,133,0.061,0.561,0.439,37004,33679,35853,51897,0,0,35,33,0,0,0,0,0,0,0,1732,0,8166,0
PRRC2C,T545_L25_NT.fasta,yes,167,TRUE,77,2064,158928,9412,5.922,628,0.304,276,0.134,0.541,0.459,50784,32110,36397,30092,0,0,74,59,0,0,0,0,0,0,0,1282,0,8130,0
,T545_L250_NT.fasta,,168,TRUE,77,1968,151536,12058,7.957,726,0.369,314,0.16,0.525,0.475,37029,31205,35014,36070,0,0,82,78,0,0,0,0,0,0,0,2275,0,9783,0
,T545_L251_NT.fasta,,169,TRUE,77,2118,163086,8290,5.083,670,0.316,338,0.16,0.537,0.463,38736,34949,36663,44303,0,0,70,75,0,0,0,0,0,0,0,2356,0,5934,0
,T545_L252_NT.fasta,,170,TRUE,77,1968,151536,12786,8.438,639,0.325,291,0.148,0.531,0.469,37221,30712,34297,36393,0,0,51,76,0,0,0,0,0,0,0,1869,0,10917,0
,T545_L253_NT.fasta,,171,TRUE,77,2109,162393,13183,8.118,642,0.304,309,0.147,0.519,0.481,41170,36859,34803,36224,0,0,73,81,0,0,0,0,0,0,0,2425,0,10758,0
,T545_L254_NT.fasta,,172,TRUE,76,1824,138624,17943,12.944,722,0.396,315,0.173,0.523,0.477,30565,25180,32159,32525,0,0,170,82,0,0,0,0,0,0,0,2841,0,15102,0
,T545_L255_NT.fasta,,173,TRUE,77,2133,164241,7378,4.492,530,0.248,246,0.115,0.538,0.462,43437,34642,37739,40863,0,0,84,98,0,0,0,0,0,0,0,319,0,7059,0
,T545_L256_NT.fasta,,174,TRUE,77,1533,118041,8949,7.581,591,0.386,256,0.167,0.507,0.493,29321,27809,25888,25978,0,0,52,44,0,0,0,0,0,0,0,1509,0,7440,0
,T545_L257_NT.fasta,,175,TRUE,77,1965,151305,13689,9.047,678,0.345,279,0.142,0.532,0.468,31699,28557,35637,41616,0,0,49,58,0,0,0,0,0,0,0,1968,0,11721,0
,T545_L258_NT.fasta,,176,TRUE,77,2052,158004,8220,5.202,481,0.234,190,0.093,0.557,0.443,43156,33937,32415,40215,0,0,36,25,0,0,0,0,0,0,0,1464,0,6756,0
,T545_L259_NT.fasta,,177,TRUE,75,1593,119475,12772,10.69,622,0.39,331,0.208,0.454,0.546,27650,29977,28169,20792,0,0,45,70,0,0,0,0,0,0,0,1465,0,11307,0
,T545_L26_NT.fasta,,178,TRUE,77,1926,148302,10957,7.388,654,0.34,293,0.152,0.607,0.393,37112,26445,27409,46253,0,0,57,69,0,0,0,0,0,0,0,2281,0,8676,0
,T545_L262_NT.fasta,,181,TRUE,59,1656,97704,5605,5.737,552,0.333,266,0.161,0.4,0.6,16024,24311,30889,20739,0,0,74,62,0,0,0,0,0,0,0,817,0,4788,0
,T545_L263_NT.fasta,,182,TRUE,77,1767,136059,17386,12.778,565,0.32,245,0.139,0.501,0.499,28880,29340,29691,30606,0,0,78,78,0,0,0,0,0,0,0,2203,0,15183,0
,T545_L264_NT.fasta,,183,TRUE,59,1743,102837,7411,7.207,342,0.196,139,0.08,0.395,0.605,17495,24431,33223,20211,0,0,31,35,0,0,0,0,0,0,0,967,0,6444,0
,T545_L265_NT.fasta,,184,TRUE,75,2022,151650,13729,9.053,511,0.253,241,0.119,0.483,0.517,29444,32998,38250,37132,0,0,48,49,0,0,0,0,0,0,0,1975,0,11754,0
,T545_L266_NT.fasta,,185,TRUE,77,1842,141834,13347,9.41,615,0.334,272,0.148,0.562,0.438,40686,25974,30278,31387,0,0,79,83,0,0,0,0,0,0,0,1785,0,11562,0
,T545_L267_NT.fasta,,186,TRUE,75,1947,146025,17217,11.79,613,0.315,248,0.127,0.596,0.404,40735,24459,27059,36387,0,0,76,92,0,0,0,0,0,0,0,1647,0,15570,0
,T545_L268_NT.fasta,,187,TRUE,77,2118,163086,12623,7.74,583,0.275,265,0.125,0.593,0.407,42855,29834,31185,46405,0,0,91,93,0,0,0,0,0,0,0,1514,0,11109,0
,T545_L269_NT.fasta,,188,TRUE,77,2055,158235,9871,6.238,568,0.276,277,0.135,0.529,0.471,41758,32420,37354,36567,0,0,125,140,0,0,0,0,0,0,0,1021,0,8850,0
,T545_L27_NT.fasta,,189,TRUE,76,1581,120156,12777,10.634,611,0.386,221,0.14,0.504,0.496,29046,27528,25610,25141,0,0,23,31,0,0,0,0,0,0,0,1785,0,10992,0
,T545_L270_NT.fasta,,190,TRUE,77,1941,149457,13144,8.795,695,0.358,286,0.147,0.587,0.413,38887,29041,27137,41103,0,0,59,86,0,0,0,0,0,0,0,1882,0,11262,0
,T545_L271_NT.fasta,,191,TRUE,77,1509,116193,10889,9.371,421,0.279,152,0.101,0.526,0.474,23900,27149,22722,31420,0,0,64,49,0,0,0,0,0,0,0,2294,0,8595,0
,T545_L274_NT.fasta,,194,TRUE,76,2013,152988,11003,7.192,436,0.217,130,0.065,0.612,0.388,42321,30024,25068,44528,0,0,28,16,0,0,0,0,0,0,0,1442,0,9561,0
,T545_L275_NT.fasta,,195,TRUE,77,2124,163548,13071,7.992,703,0.331,262,0.123,0.61,0.39,46775,32655,25921,45055,0,0,32,39,0,0,0,0,0,0,0,2433,0,10638,0
,T545_L276_NT.fasta,,196,TRUE,77,1809,139293,10501,7.539,464,0.256,187,0.103,0.556,0.444,40979,26721,30424,30594,0,0,43,31,0,0,0,0,0,0,0,2095,0,8406,0
STARD13,T545_L277_NT.fasta,yes,197,TRUE,77,2052,158004,12624,7.99,702,0.342,257,0.125,0.571,0.429,37319,32714,29480,45734,0,0,67,66,0,0,0,0,0,0,0,2508,0,10116,0
,T545_L278_NT.fasta,,198,TRUE,77,1938,149226,7325,4.909,565,0.292,224,0.116,0.494,0.506,34827,35621,36157,35174,0,0,52,70,0,0,0,0,0,0,0,299,0,7026,0
,T545_L279_NT.fasta,,199,TRUE,76,2022,153672,11011,7.165,562,0.278,197,0.097,0.617,0.383,46509,28289,26246,41477,0,0,87,53,0,0,0,0,0,0,0,568,0,10443,0
,T545_L280_NT.fasta,,201,TRUE,53,1614,85542,6987,8.168,386,0.239,204,0.126,0.358,0.642,15065,27601,22918,12912,0,0,12,47,0,0,0,0,0,0,0,273,0,6714,0
,T545_L90_NT.fasta,,370,FALSE,75,1968,147600,10806,7.321,688,0.35,304,0.154,0.569,0.431,45173,28924,29924,32679,0,0,69,25,0,0,0,0,0,0,0,1050,0,9756,0
,T545_L281_NT.fasta,,202,TRUE,77,1596,122892,9714,7.905,598,0.375,269,0.169,0.549,0.451,31294,29817,21040,30837,0,0,74,116,0,0,0,0,0,0,0,1320,0,8394,0
,T545_L282_NT.fasta,,203,TRUE,77,2280,175560,14445,8.228,704,0.309,288,0.126,0.578,0.422,41245,33317,34564,51838,0,0,74,77,0,0,0,0,0,0,0,2712,0,11733,0
,T545_L283_NT.fasta,,204,TRUE,77,1635,125895,13874,11.02,641,0.392,235,0.144,0.584,0.416,37000,21132,25400,28319,0,0,92,78,0,0,0,0,0,0,0,2294,0,11580,0
,T545_L284_NT.fasta,,205,TRUE,77,1965,151305,17010,11.242,285,0.145,110,0.056,0.575,0.425,37512,30981,25802,39940,0,0,20,40,0,0,0,0,0,0,0,2049,0,14961,0
,T545_L351_NT.fasta,,280,FALSE,59,1959,115581,16801,14.536,239,0.122,96,0.049,0.544,0.456,20970,21010,23814,32940,0,0,22,24,0,0,0,0,0,0,0,1783,0,15018,0
,T545_L285_NT.fasta,,206,TRUE,73,2049,149577,25307,16.919,638,0.311,265,0.129,0.487,0.513,30420,34834,29357,29529,0,0,54,76,0,0,0,0,0,0,0,3635,0,21672,0
,T545_L286_NT.fasta,,207,TRUE,77,1917,147609,11249,7.621,649,0.339,296,0.154,0.548,0.452,38995,28842,32699,35678,0,0,81,65,0,0,0,0,0,0,0,1688,0,9561,0
,T545_L288_NT.fasta,,209,TRUE,77,2163,166551,11230,6.743,556,0.257,226,0.104,0.529,0.471,42388,39862,33176,39765,0,0,67,63,0,0,0,0,0,0,0,1621,0,9609,0
,T545_L29_NT.fasta,,211,TRUE,77,2010,154770,11914,7.698,539,0.268,201,0.1,0.587,0.413,38797,29041,29756,45143,0,0,70,49,0,0,0,0,0,0,0,3232,0,8682,0
,T545_L290_NT.fasta,,212,TRUE,75,2430,182250,8513,4.671,835,0.344,359,0.148,0.516,0.484,41722,41538,42494,47818,0,0,78,87,0,0,0,0,0,0,0,2009,0,6504,0
,T545_L291_NT.fasta,,213,TRUE,76,1572,119472,11846,9.915,603,0.384,232,0.148,0.603,0.397,33242,21034,21558,31720,0,0,43,29,0,0,0,0,0,0,0,1763,0,10083,0
,T545_L293_NT.fasta,,215,TRUE,77,2037,156849,9629,6.139,554,0.272,237,0.116,0.539,0.461,35390,32237,35543,43945,0,0,54,51,0,0,0,0,0,0,0,2711,0,6918,0
,T545_L294_NT.fasta,,216,TRUE,75,1830,137250,11343,8.264,616,0.337,262,0.143,0.555,0.445,36375,26482,29509,33468,0,0,31,42,0,0,0,0,0,0,0,2376,0,8967,0
,T545_L295_NT.fasta,,217,TRUE,77,1941,149457,17316,11.586,687,0.354,310,0.16,0.502,0.498,35781,33651,32118,30342,0,0,98,151,0,0,0,0,0,0,0,1473,0,15843,0
,T545_L296_NT.fasta,,218,TRUE,77,2052,158004,11380,7.202,555,0.27,225,0.11,0.49,0.51,35973,35376,39236,35920,0,0,49,70,0,0,0,0,0,0,0,1309,0,10071,0
,T545_L297_NT.fasta,,219,TRUE,77,1602,123354,16807,13.625,425,0.265,153,0.096,0.576,0.424,32603,22389,22582,28893,0,0,48,32,0,0,0,0,0,0,0,646,0,16161,0
,T545_L298_NT.fasta,,220,TRUE,77,2352,181104,9798,5.41,645,0.274,268,0.114,0.53,0.47,44227,42070,38487,46347,0,0,81,94,0,0,0,0,0,0,0,858,0,8940,0
,T545_L3_NT.fasta,,222,TRUE,77,1989,153153,11937,7.794,646,0.325,318,0.16,0.5,0.5,38851,33467,36951,31711,0,0,131,105,0,0,0,0,0,0,0,1311,0,10626,0
,T545_L30_NT.fasta,,223,TRUE,76,1722,130872,17603,13.451,620,0.36,254,0.148,0.549,0.451,25966,26244,24657,36098,0,0,135,169,0,0,0,0,0,0,0,6320,0,11283,0
,T545_L300_NT.fasta,,224,TRUE,77,2160,166320,11160,6.71,592,0.274,219,0.101,0.523,0.477,39222,35919,37895,41968,0,0,71,85,0,0,0,0,0,0,0,876,0,10284,0
,T545_L301_NT.fasta,,225,TRUE,77,1479,113883,11804,10.365,468,0.316,215,0.145,0.54,0.46,27627,21140,25738,27466,0,0,61,47,0,0,0,0,0,0,0,1781,0,10023,0
,T545_L302_NT.fasta,,226,TRUE,77,1851,142527,8858,6.215,599,0.324,249,0.135,0.587,0.413,46400,28683,26446,32023,0,0,69,48,0,0,0,0,0,0,0,629,0,8229,0
,T545_L303_NT.fasta,,227,TRUE,73,1134,82782,9246,11.169,404,0.356,152,0.134,0.594,0.406,21365,16108,13609,22407,0,0,25,22,0,0,0,0,0,0,0,2061,0,7185,0
,T545_L304_NT.fasta,,228,TRUE,59,1431,84429,5850,6.929,403,0.282,213,0.149,0.422,0.578,19847,22825,22557,13285,0,0,32,33,0,0,0,0,0,0,0,237,0,5613,0
,T545_L305_NT.fasta,,229,TRUE,77,2046,157542,10262,6.514,636,0.311,263,0.129,0.517,0.483,42289,38468,32502,33844,0,0,89,88,0,0,0,0,0,0,0,1424,0,8838,0
,T545_L306_NT.fasta,,230,TRUE,77,2274,175098,12154,6.941,754,0.332,322,0.142,0.555,0.445,44716,38817,33647,45579,0,0,93,92,0,0,0,0,0,0,0,2911,0,9243,0
,T545_L307_NT.fasta,,231,TRUE,77,1866,143682,12755,8.877,665,0.356,282,0.151,0.536,0.464,37078,28253,32402,33042,0,0,82,70,0,0,0,0,0,0,0,1571,0,11184,0
,T545_L308_NT.fasta,,232,TRUE,76,1578,119928,11198,9.337,458,0.29,171,0.108,0.487,0.513,31935,26580,29100,21059,0,0,26,30,0,0,0,0,0,0,0,1094,0,10104,0
,T545_L309_NT.fasta,,233,TRUE,77,1899,146223,13601,9.302,646,0.34,283,0.149,0.456,0.544,29906,37541,34480,30518,0,0,59,118,0,0,0,0,0,0,0,1232,0,12369,0
,T545_L31_NT.fasta,,234,TRUE,77,2124,163548,13725,8.392,376,0.177,116,0.055,0.602,0.398,42430,30135,29452,47734,0,0,31,41,0,0,0,0,0,0,0,2496,0,11229,0
,T545_L310_NT.fasta,,235,TRUE,74,1974,146076,10022,6.861,488,0.247,225,0.114,0.555,0.445,30938,34426,25990,44601,0,0,46,53,0,0,0,0,0,0,0,1703,0,8319,0
,T545_L311_NT.fasta,,236,TRUE,77,1629,125433,6079,4.846,306,0.188,107,0.066,0.489,0.511,28903,25829,35081,29463,0,0,53,25,0,0,0,0,0,0,0,1174,0,4905,0
,T545_L313_NT.fasta,,238,TRUE,77,2076,159852,10962,6.858,632,0.304,318,0.153,0.502,0.498,44396,38026,36051,30235,0,0,104,78,0,0,0,0,0,0,0,438,0,10524,0
BNC1,T545_L314_NT.fasta,yes,239,TRUE,77,2040,157080,13669,8.702,722,0.354,329,0.161,0.539,0.461,32824,31821,34222,44415,0,0,62,67,0,0,0,0,0,0,0,2482,0,11187,0
,T545_L315_NT.fasta,,240,TRUE,77,2103,161931,11253,6.949,575,0.273,239,0.114,0.519,0.481,36541,38783,33648,41612,0,0,53,41,0,0,0,0,0,0,0,1446,0,9807,0
,T545_L316_NT.fasta,,241,TRUE,77,2127,163779,11993,7.323,480,0.226,189,0.089,0.496,0.504,36487,36365,40027,38765,0,0,85,57,0,0,0,0,0,0,0,1919,0,10074,0
,T545_L150_NT.fasta,,58,FALSE,69,1905,131445,24587,18.705,326,0.171,173,0.091,0.596,0.404,41419,17384,25948,21993,0,0,72,42,0,0,0,0,0,0,0,5531,0,19056,0
,T545_L318_NT.fasta,,243,TRUE,77,1806,139062,10780,7.752,512,0.283,204,0.113,0.596,0.404,33884,28207,23457,42660,0,0,46,28,0,0,0,0,0,0,0,1816,0,8964,0
,T545_L319_NT.fasta,,244,TRUE,53,1707,90471,6609,7.305,367,0.215,127,0.074,0.39,0.61,14647,23981,27202,17990,0,0,21,21,0,0,0,0,0,0,0,984,0,5625,0
,T545_L32_NT.fasta,,245,TRUE,77,2028,156156,12609,8.075,543,0.268,225,0.111,0.576,0.424,47736,29419,31400,34865,0,0,76,51,0,0,0,0,0,0,0,1530,0,11079,0
ANKRD11,T545_L320_NT.fasta,maybe,246,TRUE,77,1980,152460,11421,7.491,608,0.307,219,0.111,0.534,0.466,26902,35764,29851,48454,0,0,32,36,0,0,0,0,0,0,0,1206,0,10215,0
,T545_L321_NT.fasta,,247,TRUE,77,1890,145530,21262,14.61,672,0.356,291,0.154,0.472,0.528,33655,27833,37674,24961,0,0,77,68,0,0,0,0,0,0,0,1336,0,19926,0
,T545_L322_NT.fasta,,248,TRUE,62,1677,103974,9946,9.566,470,0.28,229,0.137,0.404,0.596,23164,33792,22284,14633,0,0,86,69,0,0,0,0,0,0,0,535,0,9411,0
,T545_L323_NT.fasta,,249,TRUE,77,2316,178332,11449,6.42,779,0.336,402,0.174,0.502,0.498,45836,43127,40022,37596,0,0,142,160,0,0,0,0,0,0,0,1192,0,10257,0
,T545_L324_NT.fasta,,250,TRUE,77,2136,164472,11140,6.773,344,0.161,113,0.053,0.487,0.513,33142,35536,43060,41547,0,0,20,27,0,0,0,0,0,0,0,1855,0,9285,0
,T545_L325_NT.fasta,,251,TRUE,77,1692,130284,10941,8.398,643,0.38,249,0.147,0.5,0.5,31673,25757,33729,27908,0,0,155,121,0,0,0,0,0,0,0,1995,0,8946,0
,T545_L99_NT.fasta,,379,FALSE,73,1890,137970,13273,9.62,603,0.319,206,0.109,0.527,0.473,27990,25297,33640,37642,0,0,62,66,0,0,0,0,0,0,0,1771,0,11502,0
,T545_L44_NT.fasta,,319,FALSE,73,1887,137751,20247,14.698,582,0.308,263,0.139,0.473,0.527,27178,27945,34148,28120,0,0,64,49,0,0,0,0,0,0,0,1275,0,18972,0
,T545_L326_NT.fasta,,252,TRUE,77,2133,164241,11814,7.193,611,0.286,196,0.092,0.55,0.45,42502,37237,31311,41222,0,0,67,88,0,0,0,0,0,0,0,2271,0,9543,0
,T545_L327_NT.fasta,,253,TRUE,77,1476,113652,11703,10.297,499,0.338,207,0.14,0.516,0.484,30238,27542,21636,22359,0,0,89,85,0,0,0,0,0,0,0,1557,0,10146,0
,T545_L328_NT.fasta,,254,TRUE,77,2088,160776,14195,8.829,605,0.29,247,0.118,0.55,0.45,40217,30781,34983,40515,0,0,45,40,0,0,0,0,0,0,0,2633,0,11562,0
,T545_L329_NT.fasta,,255,TRUE,77,2043,157311,10791,6.86,425,0.208,161,0.079,0.535,0.465,39904,32003,36023,38525,0,0,22,43,0,0,0,0,0,0,0,1236,0,9555,0
,T545_L33_NT.fasta,,256,TRUE,77,1914,147378,9427,6.396,640,0.334,238,0.124,0.496,0.504,28027,38907,30529,40395,0,0,41,52,0,0,0,0,0,0,0,1501,0,7926,0
,T545_L330_NT.fasta,,257,TRUE,77,1785,137445,11215,8.16,577,0.323,229,0.128,0.516,0.484,31592,31239,29735,33558,0,0,43,63,0,0,0,0,0,0,0,2089,0,9126,0
,T545_L331_NT.fasta,,258,TRUE,77,1803,138831,14490,10.437,617,0.342,230,0.128,0.519,0.481,33422,28155,31451,31204,0,0,60,49,0,0,0,0,0,0,0,1827,0,12663,0
,T545_L332_NT.fasta,,259,TRUE,77,2100,161700,8862,5.481,563,0.268,211,0.1,0.553,0.447,28824,39991,28331,55607,0,0,43,42,0,0,0,0,0,0,0,1260,0,7602,0
,T545_L333_NT.fasta,,260,TRUE,77,1662,127974,12070,9.432,551,0.332,183,0.11,0.557,0.443,29929,26696,24575,34630,0,0,31,43,0,0,0,0,0,0,0,2335,0,9735,0
,T545_L334_NT.fasta,,261,TRUE,77,2208,170016,10135,5.961,203,0.092,56,0.025,0.492,0.508,46889,35598,45613,31715,0,0,37,29,0,0,0,0,0,0,0,697,0,9438,0
,T545_L335_NT.fasta,,262,TRUE,77,1662,127974,14408,11.259,585,0.352,205,0.123,0.51,0.49,29525,27829,27700,28429,0,0,42,41,0,0,0,0,0,0,0,1523,0,12885,0
,T545_L337_NT.fasta,,264,TRUE,77,2019,155463,9832,6.324,688,0.341,230,0.114,0.58,0.42,43475,30531,30608,40892,0,0,79,46,0,0,0,0,0,0,0,1633,0,8199,0
,T545_L338_NT.fasta,,265,TRUE,76,2013,152988,10564,6.905,538,0.267,203,0.101,0.571,0.429,45266,30978,29902,36174,0,0,66,38,0,0,0,0,0,0,0,1135,0,9429,0
,T545_L339_NT.fasta,,266,TRUE,77,2151,165627,10467,6.32,447,0.208,153,0.071,0.571,0.429,42093,33871,32526,46588,0,0,40,42,0,0,0,0,0,0,0,1659,0,8808,0
,T545_L34_NT.fasta,,267,TRUE,77,1731,133287,14984,11.242,630,0.364,285,0.165,0.497,0.503,29560,30204,29220,29205,0,0,55,59,0,0,0,0,0,0,0,1676,0,13308,0
,T545_L340_NT.fasta,,268,TRUE,74,1782,131868,12265,9.301,677,0.38,280,0.157,0.621,0.379,35110,23347,21947,39084,0,0,57,58,0,0,0,0,0,0,0,2947,0,9318,0
,T545_L342_NT.fasta,,270,TRUE,77,2085,160545,8159,5.082,468,0.224,188,0.09,0.519,0.481,47596,40512,32693,31515,0,0,33,37,0,0,0,0,0,0,0,374,0,7785,0
,T545_L343_NT.fasta,,271,TRUE,77,2172,167244,12695,7.591,683,0.314,279,0.128,0.533,0.467,41536,37121,34996,40703,0,0,95,98,0,0,0,0,0,0,0,2831,0,9864,0
,T545_L344_NT.fasta,,272,TRUE,77,2454,188958,13498,7.143,406,0.165,148,0.06,0.545,0.455,56246,41960,37892,39279,0,0,46,37,0,0,0,0,0,0,0,328,0,13170,0
,T545_L346_NT.fasta,,274,TRUE,77,1761,135597,10375,7.651,591,0.336,271,0.154,0.578,0.422,35889,30342,22366,36531,0,0,35,59,0,0,0,0,0,0,0,1318,0,9057,0
,T545_L347_NT.fasta,,275,TRUE,77,1971,151767,7707,5.078,615,0.312,188,0.095,0.59,0.41,42944,29776,29198,42068,0,0,33,41,0,0,0,0,0,0,0,951,0,6756,0
,T545_L348_NT.fasta,,276,TRUE,77,2034,156618,9665,6.171,484,0.238,161,0.079,0.548,0.452,43515,32589,33705,37057,0,0,47,40,0,0,0,0,0,0,0,938,0,8727,0
,T545_L349_NT.fasta,,277,TRUE,77,2019,155463,9485,6.101,584,0.289,195,0.097,0.579,0.421,46543,30943,30539,37883,0,0,39,31,0,0,0,0,0,0,0,872,0,8613,0
,T545_L35_NT.fasta,,278,TRUE,77,2082,160314,14215,8.867,633,0.304,238,0.114,0.526,0.474,41101,32831,36309,35723,0,0,71,64,0,0,0,0,0,0,0,3658,0,10557,0
,T545_L350_NT.fasta,,279,TRUE,77,2055,158235,9374,5.924,460,0.224,197,0.096,0.551,0.449,32897,32710,34065,49109,0,0,39,41,0,0,0,0,0,0,0,1667,0,7707,0
,T545_L352_NT.fasta,,281,TRUE,77,2037,156849,10699,6.821,615,0.302,249,0.122,0.54,0.46,44441,32085,35100,34375,0,0,92,57,0,0,0,0,0,0,0,586,0,10113,0
,T545_L355_NT.fasta,,284,TRUE,77,2121,163317,13842,8.476,438,0.207,141,0.066,0.603,0.397,42884,26673,32666,47177,0,0,41,34,0,0,0,0,0,0,0,3684,0,10158,0
,T545_L376_NT.fasta,,307,FALSE,76,1791,136116,12620,9.272,481,0.269,181,0.101,0.602,0.398,34888,23276,25851,39407,0,0,39,35,0,0,0,0,0,0,0,2717,0,9903,0
,T545_L356_NT.fasta,,285,TRUE,77,1890,145530,11211,7.704,599,0.317,219,0.116,0.529,0.471,37537,32039,31145,33459,0,0,68,71,0,0,0,0,0,0,0,1809,0,9402,0
,T545_L357_NT.fasta,,286,TRUE,77,1869,143913,8375,5.819,589,0.315,225,0.12,0.542,0.458,32760,26558,35549,40606,0,0,21,44,0,0,0,0,0,0,0,2501,0,5874,0
,T545_L345_NT.fasta,,273,FALSE,75,1779,133425,11015,8.256,434,0.244,179,0.101,0.585,0.415,39662,24676,26133,31866,0,0,44,29,0,0,0,0,0,0,0,1655,0,9360,0
,T545_L317_NT.fasta,,242,FALSE,76,1776,134976,10803,8.004,628,0.354,259,0.146,0.547,0.453,33892,25864,30217,34140,0,0,32,28,0,0,0,0,0,0,0,1818,0,8985,0
,T545_L358_NT.fasta,,287,TRUE,77,2145,165165,11810,7.15,679,0.317,244,0.114,0.525,0.475,34336,39651,33119,46136,0,0,51,62,0,0,0,0,0,0,0,2279,0,9531,0
,T545_L16_NT.fasta,,68,FALSE,65,1761,114465,6508,5.686,250,0.142,109,0.062,0.498,0.502,27095,27116,27009,26646,0,0,41,50,0,0,0,0,0,0,0,286,0,6222,0
,T545_L359_NT.fasta,,288,TRUE,77,2172,167244,9438,5.643,400,0.184,133,0.061,0.573,0.427,40794,31703,35672,49579,0,0,24,34,0,0,0,0,0,0,0,2250,0,7188,0
,T545_L36_NT.fasta,,289,TRUE,77,2055,158235,12957,8.188,803,0.391,342,0.166,0.55,0.45,38489,31059,34175,41382,0,0,75,98,0,0,0,0,0,0,0,3558,0,9399,0
,T545_L89_NT.fasta,,368,FALSE,56,1761,98616,5350,5.425,544,0.309,170,0.097,0.641,0.359,40645,13207,20228,19115,0,0,41,30,0,0,0,0,0,0,0,469,0,4881,0
,T545_L360_NT.fasta,,290,TRUE,77,2079,160083,9506,5.938,567,0.273,242,0.116,0.543,0.457,46985,37031,31678,34770,0,0,58,55,0,0,0,0,0,0,0,1124,0,8382,0
,T545_L361_NT.fasta,,291,TRUE,76,1407,106932,12990,12.148,526,0.374,196,0.139,0.498,0.502,22729,23217,23924,24009,0,0,37,26,0,0,0,0,0,0,0,1380,0,11610,0
,T545_L362_NT.fasta,,292,TRUE,77,1593,122661,9490,7.737,650,0.408,286,0.18,0.527,0.473,32902,28334,25119,26690,0,0,62,64,0,0,0,0,0,0,0,1381,0,8109,0
,T545_L363_NT.fasta,,293,TRUE,76,1956,148656,9653,6.494,487,0.249,220,0.112,0.49,0.51,33528,34591,36247,34455,0,0,81,101,0,0,0,0,0,0,0,1223,0,8430,0
NRIP1,T545_L364_NT.fasta,maybe,294,TRUE,77,2106,162162,11367,7.01,508,0.241,148,0.07,0.584,0.416,35357,30240,32516,52598,0,0,34,50,0,0,0,0,0,0,0,2343,0,9024,0
TIAM1,T545_L365_NT.fasta,maybe,295,TRUE,77,1641,126357,13099,10.367,582,0.355,242,0.147,0.575,0.425,30288,24424,23647,34814,0,0,28,57,0,0,0,0,0,0,0,2767,0,10332,0
,T545_L366_NT.fasta,,296,TRUE,77,1989,153153,9480,6.19,614,0.309,265,0.133,0.586,0.414,41969,27438,32014,42155,0,0,55,42,0,0,0,0,0,0,0,1101,0,8379,0
,T545_L367_NT.fasta,,297,TRUE,77,1752,134904,9862,7.31,516,0.295,192,0.11,0.592,0.408,36451,25364,25553,37598,0,0,36,40,0,0,0,0,0,0,0,1390,0,8472,0
,T545_L185_NT.fasta,,96,FALSE,68,1740,118320,22500,19.016,292,0.168,127,0.073,0.529,0.471,23891,22814,22019,26990,0,0,49,57,0,0,0,0,0,0,0,1521,0,20979,0
,T545_L368_NT.fasta,,298,TRUE,77,2085,160545,12345,7.689,461,0.221,153,0.073,0.57,0.43,37132,29155,34455,47393,0,0,40,25,0,0,0,0,0,0,0,2049,0,10296,0
,T545_L369_NT.fasta,,299,TRUE,77,2301,177177,13829,7.805,734,0.319,297,0.129,0.52,0.48,34584,36416,41883,50220,0,0,119,126,0,0,0,0,0,0,0,2618,0,11211,0
,T545_L37_NT.fasta,,300,TRUE,77,2142,164934,9233,5.598,420,0.196,153,0.071,0.576,0.424,42430,31099,34902,47191,0,0,31,48,0,0,0,0,0,0,0,206,0,9027,0
,T545_L370_NT.fasta,,301,TRUE,76,1641,124716,11512,9.231,529,0.322,210,0.128,0.495,0.505,30730,28421,28635,25237,0,0,97,84,0,0,0,0,0,0,0,2377,0,9135,0
,T545_L371_NT.fasta,,302,TRUE,77,2061,158697,12348,7.781,540,0.262,201,0.098,0.473,0.527,34782,34585,42431,34389,0,0,95,67,0,0,0,0,0,0,0,1908,0,10440,0
,T545_L372_NT.fasta,,303,TRUE,76,2121,161196,18871,11.707,630,0.297,260,0.123,0.53,0.47,34441,34696,31957,41104,0,0,46,81,0,0,0,0,0,0,0,2374,0,16497,0
,T545_L373_NT.fasta,,304,TRUE,77,2157,166089,7778,4.683,487,0.226,184,0.085,0.546,0.454,48757,39851,31954,37664,0,0,40,45,0,0,0,0,0,0,0,305,0,7473,0
,T545_L374_NT.fasta,,305,TRUE,76,2526,191976,15620,8.136,779,0.308,269,0.106,0.59,0.41,50159,39260,32844,53977,0,0,61,55,0,0,0,0,0,0,0,2609,0,13011,0
,T545_L375_NT.fasta,,306,TRUE,77,2664,205128,18117,8.832,705,0.265,229,0.086,0.613,0.387,60584,40043,32298,53996,0,0,49,41,0,0,0,0,0,0,0,2826,0,15291,0
,T545_L260_NT.fasta,,179,FALSE,44,1692,74448,2744,3.686,499,0.295,266,0.157,0.389,0.611,16165,22325,21415,11762,0,0,22,15,0,0,0,0,0,0,0,359,0,2385,0
,T545_L377_NT.fasta,,308,TRUE,77,2121,163317,9846,6.029,513,0.242,171,0.081,0.568,0.432,42006,29328,36873,45197,0,0,34,33,0,0,0,0,0,0,0,1833,0,8013,0
,T545_L378_NT.fasta,,309,TRUE,77,1950,150150,17750,11.822,507,0.26,193,0.099,0.582,0.418,43821,27673,27480,33212,0,0,114,100,0,0,0,0,0,0,0,3626,0,14124,0
,T545_L379_NT.fasta,,310,TRUE,75,1485,111375,11233,10.086,368,0.248,176,0.119,0.431,0.569,20396,29264,27721,22670,0,0,51,40,0,0,0,0,0,0,0,883,0,10350,0
,T545_L38_NT.fasta,,311,TRUE,77,1374,105798,7050,6.664,358,0.261,112,0.082,0.55,0.45,30798,13921,30457,23523,0,0,29,20,0,0,0,0,0,0,0,2412,0,4638,0
,T545_L380_NT.fasta,,312,TRUE,74,1188,87912,10063,11.447,384,0.323,144,0.121,0.456,0.544,17479,20864,21437,17980,0,0,62,27,0,0,0,0,0,0,0,1594,0,8469,0
,T545_L4_NT.fasta,,314,FALSE,73,1668,121764,11078,9.098,675,0.405,330,0.198,0.459,0.541,25044,30646,29001,25703,0,0,153,139,0,0,0,0,0,0,0,1712,0,9366,0
,T545_L39_NT.fasta,,313,TRUE,77,1929,148533,8157,5.492,682,0.354,275,0.143,0.553,0.447,36446,30465,32224,41143,0,0,62,36,0,0,0,0,0,0,0,651,0,7506,0
,T545_L40_NT.fasta,,315,TRUE,77,2025,155925,11981,7.684,587,0.29,203,0.1,0.592,0.408,40412,31666,26918,44853,0,0,49,46,0,0,0,0,0,0,0,2654,0,9327,0
,T545_L41_NT.fasta,,316,TRUE,77,2070,159390,12002,7.53,489,0.236,185,0.089,0.545,0.455,42544,34553,32422,37786,0,0,39,44,0,0,0,0,0,0,0,1121,0,10881,0
,T545_L42_NT.fasta,,317,TRUE,76,2175,165300,10859,6.569,685,0.315,269,0.124,0.543,0.457,45521,35321,35114,38396,0,0,43,46,0,0,0,0,0,0,0,1628,0,9231,0
,T545_L43_NT.fasta,,318,TRUE,77,2010,154770,9740,6.293,576,0.287,219,0.109,0.578,0.422,41747,30143,30984,42047,0,0,55,54,0,0,0,0,0,0,0,2303,0,7437,0
,T545_L45_NT.fasta,,320,TRUE,77,2037,156849,10241,6.529,636,0.312,267,0.131,0.568,0.432,41584,30692,32489,41722,0,0,59,62,0,0,0,0,0,0,0,1007,0,9234,0
,T545_L46_NT.fasta,,321,TRUE,77,2049,157773,9197,5.829,577,0.282,241,0.118,0.584,0.416,42105,28749,32929,44700,0,0,41,52,0,0,0,0,0,0,0,1430,0,7767,0
,T545_L47_NT.fasta,,322,TRUE,77,2028,156156,11420,7.313,688,0.339,254,0.125,0.58,0.42,37887,28790,31937,46044,0,0,43,35,0,0,0,0,0,0,0,1841,0,9579,0
,T545_L48_NT.fasta,,323,TRUE,77,1881,144837,9709,6.703,666,0.354,270,0.144,0.547,0.453,34055,29118,31933,39925,0,0,47,50,0,0,0,0,0,0,0,2053,0,7656,0
,T545_L49_NT.fasta,,324,TRUE,72,1743,125496,8157,6.5,570,0.327,217,0.124,0.627,0.373,39594,19779,24006,33866,0,0,53,41,0,0,0,0,0,0,0,825,0,7332,0
,T545_L5_NT.fasta,,325,TRUE,76,2043,155268,9606,6.187,610,0.299,276,0.135,0.523,0.477,39195,32718,36545,36930,0,0,131,143,0,0,0,0,0,0,0,870,0,8736,0
,T545_L50_NT.fasta,,326,TRUE,77,2115,162855,11271,6.921,531,0.251,216,0.102,0.589,0.411,46046,30101,32132,43232,0,0,46,27,0,0,0,0,0,0,0,1530,0,9741,0
,T545_L51_NT.fasta,,327,TRUE,75,1938,145350,13595,9.353,577,0.298,220,0.114,0.589,0.411,40051,24058,29784,37236,0,0,446,180,0,0,0,0,0,0,0,2921,0,10674,0
,T545_L52_NT.fasta,,328,TRUE,77,2094,161238,10428,6.467,628,0.3,225,0.107,0.595,0.405,46808,29448,31647,42820,0,0,38,49,0,0,0,0,0,0,0,1047,0,9381,0
,T545_L53_NT.fasta,,329,TRUE,77,2196,169092,10372,6.134,688,0.313,233,0.106,0.517,0.483,45450,33735,42842,36600,0,0,50,43,0,0,0,0,0,0,0,2626,0,7746,0
,T545_L55_NT.fasta,,331,TRUE,77,1812,139524,15954,11.435,661,0.365,284,0.157,0.521,0.479,35439,26160,32794,29054,0,0,68,55,0,0,0,0,0,0,0,2583,0,13371,0
,T545_L56_NT.fasta,,332,TRUE,77,2151,165627,11469,6.925,439,0.204,180,0.084,0.524,0.476,38147,34854,38436,42643,0,0,41,37,0,0,0,0,0,0,0,2448,0,9021,0
,T545_L57_NT.fasta,,333,TRUE,77,1971,151767,9465,6.237,430,0.218,189,0.096,0.51,0.49,37188,32303,37255,35435,0,0,73,48,0,0,0,0,0,0,0,1533,0,7932,0
,T545_L58_NT.fasta,,334,TRUE,77,1887,145299,16255,11.187,444,0.235,158,0.084,0.61,0.39,40524,26737,23547,38180,0,0,24,32,0,0,0,0,0,0,0,2809,0,13446,0
,T545_L59_NT.fasta,,335,TRUE,77,1938,149226,10299,6.902,546,0.282,202,0.104,0.584,0.416,43724,29308,28497,37310,0,0,53,35,0,0,0,0,0,0,0,1959,0,8340,0
,T545_L6_NT.fasta,,336,TRUE,77,1983,152691,8901,5.829,620,0.313,311,0.157,0.539,0.461,41622,30958,35180,35894,0,0,65,71,0,0,0,0,0,0,0,1005,0,7896,0
,T545_L60_NT.fasta,,337,TRUE,70,1293,90510,11509,12.716,486,0.376,193,0.149,0.582,0.418,25198,16498,16547,20697,0,0,34,27,0,0,0,0,0,0,0,2212,0,9297,0
,T545_L61_NT.fasta,,338,TRUE,77,2103,161931,12167,7.514,394,0.187,147,0.07,0.59,0.41,39987,27082,34352,48260,0,0,36,47,0,0,0,0,0,0,0,2600,0,9567,0
,T545_L62_NT.fasta,,339,TRUE,77,2148,165396,11110,6.717,424,0.197,180,0.084,0.509,0.491,37505,34651,41035,41006,0,0,43,46,0,0,0,0,0,0,0,2911,0,8199,0
,T545_L63_NT.fasta,,340,TRUE,77,1974,151998,9014,5.93,486,0.246,190,0.096,0.588,0.412,50108,25982,32889,33869,0,0,83,53,0,0,0,0,0,0,0,443,0,8571,0
,T545_L64_NT.fasta,,341,TRUE,77,2073,159621,9627,6.031,591,0.285,209,0.101,0.568,0.432,35217,32792,31992,49907,0,0,41,45,0,0,0,0,0,0,0,1326,0,8301,0
,T545_L65_NT.fasta,,342,TRUE,77,2076,159852,8948,5.598,511,0.246,173,0.083,0.562,0.438,38230,35252,30794,46541,0,0,46,41,0,0,0,0,0,0,0,1583,0,7365,0
,T545_L273_NT.fasta,,193,FALSE,49,1557,76293,7421,9.727,267,0.171,160,0.103,0.46,0.54,14790,19541,17453,16941,0,0,78,69,0,0,0,0,0,0,0,995,0,6426,0
,T545_L66_NT.fasta,,343,TRUE,77,2070,159390,10507,6.592,531,0.257,167,0.081,0.585,0.415,38132,35704,26092,48844,0,0,40,71,0,0,0,0,0,0,0,2053,0,8454,0
,T545_L67_NT.fasta,,344,TRUE,75,2154,161550,15909,9.848,535,0.248,194,0.09,0.607,0.393,41136,31282,25804,47336,0,0,35,48,0,0,0,0,0,0,0,3321,0,12588,0
,T545_L68_NT.fasta,,345,TRUE,76,1761,133836,19094,14.267,393,0.223,147,0.083,0.565,0.435,27664,25742,24143,37127,0,0,37,29,0,0,0,0,0,0,0,1328,0,17766,0
,T545_L69_NT.fasta,,346,TRUE,74,1935,143190,16675,11.645,588,0.304,238,0.123,0.626,0.374,39748,23982,23104,39573,0,0,71,37,0,0,0,0,0,0,0,2830,0,13845,0
,T545_L7_NT.fasta,,347,TRUE,77,2019,155463,17190,11.057,743,0.368,333,0.165,0.466,0.534,31040,33206,40532,33175,0,0,159,161,0,0,0,0,0,0,0,2220,0,14970,0
,T545_L70_NT.fasta,,348,TRUE,75,1293,96975,10340,10.663,436,0.337,178,0.138,0.603,0.397,27049,17432,16793,25133,0,0,117,111,0,0,0,0,0,0,0,4748,0,5592,0
,T545_L134_NT.fasta,,40,FALSE,71,1497,106287,11985,11.276,513,0.343,180,0.12,0.609,0.391,28259,16911,19917,29138,0,0,40,37,0,0,0,0,0,0,0,2304,0,9681,0
,T545_L73_NT.fasta,,351,TRUE,77,2157,166089,16745,10.082,744,0.345,268,0.124,0.58,0.42,39031,33743,28997,47443,0,0,53,77,0,0,0,0,0,0,0,3008,0,13737,0
,T545_L74_NT.fasta,,352,TRUE,76,1938,147288,10919,7.413,731,0.377,287,0.148,0.597,0.403,39051,26382,28350,42262,0,0,187,137,0,0,0,0,0,0,0,1844,0,9075,0
,T545_L75_NT.fasta,,353,TRUE,77,1965,151305,12054,7.967,539,0.274,221,0.112,0.587,0.413,42986,26982,30449,38685,0,0,79,70,0,0,0,0,0,0,0,1434,0,10620,0
,T545_L336_NT.fasta,,263,FALSE,65,1482,96330,5894,6.119,510,0.344,209,0.141,0.602,0.398,31610,16782,19179,22763,0,0,52,50,0,0,0,0,0,0,0,953,0,4941,0
,T545_L77_NT.fasta,,355,TRUE,77,2022,155694,10674,6.856,632,0.313,233,0.115,0.556,0.444,45250,34342,29929,35413,0,0,46,40,0,0,0,0,0,0,0,1233,0,9441,0
,T545_L78_NT.fasta,,356,TRUE,77,2028,156156,13072,8.371,630,0.311,240,0.118,0.477,0.523,32197,27112,47721,35895,0,0,80,79,0,0,0,0,0,0,0,2050,0,11022,0
,T545_L79_NT.fasta,,357,TRUE,77,1698,130746,12735,9.74,627,0.369,233,0.137,0.559,0.441,38015,23054,28927,27752,0,0,140,123,0,0,0,0,0,0,0,1899,0,10836,0
,T545_L72_NT.fasta,,350,FALSE,69,1473,101637,12075,11.881,491,0.333,169,0.115,0.615,0.385,29671,15707,18635,25462,0,0,33,54,0,0,0,0,0,0,0,2805,0,9270,0
,T545_L8_NT.fasta,,358,TRUE,76,1479,112404,8592,7.644,462,0.312,207,0.14,0.547,0.453,30593,24314,22596,26255,0,0,35,19,0,0,0,0,0,0,0,1182,0,7410,0
,T545_L80_NT.fasta,,359,TRUE,77,1371,105567,10200,9.662,524,0.382,212,0.155,0.553,0.447,27738,21155,21273,25060,0,0,70,71,0,0,0,0,0,0,0,2484,0,7716,0
,T545_L28_NT.fasta,,200,FALSE,76,1410,107160,11013,10.277,462,0.328,181,0.128,0.614,0.386,26451,18778,18197,32665,0,0,30,26,0,0,0,0,0,0,0,2154,0,8859,0
,T545_L81_NT.fasta,,360,TRUE,77,1839,141603,8201,5.792,570,0.31,224,0.122,0.568,0.432,44754,25430,32096,30966,0,0,76,80,0,0,0,0,0,0,0,440,0,7761,0
,T545_L82_NT.fasta,,361,TRUE,77,1878,144606,18597,12.86,639,0.34,249,0.133,0.459,0.541,27848,31916,36050,30097,0,0,44,54,0,0,0,0,0,0,0,2448,0,16149,0
,T545_L83_NT.fasta,,362,TRUE,77,2010,154770,14826,9.579,708,0.352,235,0.117,0.596,0.404,35708,30602,25720,47798,0,0,55,61,0,0,0,0,0,0,0,1905,0,12921,0
,T545_L272_NT.fasta,,192,FALSE,55,1404,77220,5747,7.442,456,0.325,213,0.152,0.527,0.473,19799,16089,17626,17851,0,0,61,47,0,0,0,0,0,0,0,920,0,4827,0
,T545_L244_NT.fasta,,162,FALSE,50,1380,69000,5201,7.538,329,0.238,137,0.099,0.451,0.549,15880,18604,16326,12921,0,0,47,21,0,0,0,0,0,0,0,497,0,4704,0
IRS1,T545_L84_NT.fasta,yes,363,TRUE,55,1113,61215,4660,7.613,241,0.217,78,0.07,0.423,0.577,12548,14942,17647,11400,0,0,11,7,0,0,0,0,0,0,0,520,0,4140,0
,T545_L85_NT.fasta,,364,TRUE,77,1632,125664,11236,8.941,514,0.315,196,0.12,0.605,0.395,30510,25220,19880,38746,0,0,35,37,0,0,0,0,0,0,0,1849,0,9387,0
,T545_L154_NT.fasta,,62,FALSE,56,1365,76440,4212,5.51,468,0.343,230,0.168,0.552,0.448,18456,17279,14969,21406,0,0,59,59,0,0,0,0,0,0,0,972,0,3240,0
,T545_L165_NT.fasta,,74,FALSE,62,1365,84630,10303,12.174,467,0.342,172,0.126,0.611,0.389,21802,15165,13722,23597,0,0,17,24,0,0,0,0,0,0,0,1858,0,8445,0
,T545_L20_NT.fasta,,113,FALSE,58,1353,78474,6879,8.766,140,0.103,77,0.057,0.487,0.513,17317,18387,18474,17385,0,0,17,15,0,0,0,0,0,0,0,657,0,6222,0
,T545_L86_NT.fasta,,365,TRUE,77,2085,160545,9849,6.135,459,0.22,176,0.084,0.599,0.401,47452,31817,28427,42894,0,0,51,55,0,0,0,0,0,0,0,897,0,8952,0
,T545_L87_NT.fasta,,366,TRUE,76,1992,151392,12434,8.213,718,0.36,270,0.136,0.595,0.405,39120,27619,28586,43551,0,0,48,34,0,0,0,0,0,0,0,3953,0,8481,0
,T545_L88_NT.fasta,,367,TRUE,77,1704,131208,9991,7.615,603,0.354,206,0.121,0.597,0.403,33304,25330,23427,39029,0,0,56,71,0,0,0,0,0,0,0,2551,0,7440,0
,T545_L287_NT.fasta,,208,FALSE,69,1320,91080,12541,13.769,534,0.405,231,0.175,0.46,0.54,19503,21993,20447,16474,0,0,58,64,0,0,0,0,0,0,0,1408,0,11133,0
,T545_L9_NT.fasta,,369,TRUE,77,1881,144837,7984,5.512,496,0.264,208,0.111,0.514,0.486,34522,33210,33157,35865,0,0,53,46,0,0,0,0,0,0,0,1666,0,6318,0
,T545_L91_NT.fasta,,371,TRUE,77,1827,140679,11571,8.225,686,0.375,352,0.193,0.482,0.518,32594,33553,33203,29612,0,0,57,89,0,0,0,0,0,0,0,1143,0,10428,0
,T545_L92_NT.fasta,,372,TRUE,77,2007,154539,15708,10.164,472,0.235,174,0.087,0.593,0.407,42635,27325,29054,39759,0,0,29,29,0,0,0,0,0,0,0,1491,0,14217,0
,T545_L93_NT.fasta,,373,TRUE,77,1884,145068,11475,7.91,616,0.327,221,0.117,0.558,0.442,32679,29615,29412,41785,0,0,46,56,0,0,0,0,0,0,0,2418,0,9057,0
,T545_L94_NT.fasta,,374,TRUE,77,2067,159159,8281,5.203,523,0.253,206,0.1,0.518,0.482,44117,40651,31966,34071,0,0,38,35,0,0,0,0,0,0,0,328,0,7953,0
,T545_L299_NT.fasta,,221,FALSE,72,1188,85536,10395,12.153,384,0.323,164,0.138,0.536,0.464,20388,17732,16971,19997,0,0,30,23,0,0,0,0,0,0,0,1197,0,9198,0
,T545_L95_NT.fasta,,375,TRUE,77,1965,151305,11358,7.507,685,0.349,224,0.114,0.595,0.405,39413,28907,27704,43827,0,0,55,41,0,0,0,0,0,0,0,1626,0,9732,0
,T545_L96_NT.fasta,,376,TRUE,77,2421,186417,17903,9.604,655,0.271,302,0.125,0.556,0.444,38700,38679,35848,55157,0,0,65,65,0,0,0,0,0,0,0,2876,0,15027,0
,T545_L239_NT.fasta,,156,FALSE,74,1173,86802,11001,12.674,420,0.358,209,0.178,0.618,0.382,23825,15481,13409,23027,0,0,32,27,0,0,0,0,0,0,0,3180,0,7821,0
,T545_L261_NT.fasta,,180,FALSE,68,1173,79764,8472,10.621,347,0.296,131,0.112,0.563,0.437,19781,15621,15443,20324,0,0,82,41,0,0,0,0,0,0,0,1599,0,6873,0
,T545_L354_NT.fasta,,283,FALSE,65,1152,74880,8031,10.725,534,0.464,226,0.196,0.561,0.439,20064,15231,14059,17362,0,0,62,71,0,0,0,0,0,0,0,2301,0,5730,0
,T545_L97_NT.fasta,,377,TRUE,77,1950,150150,11033,7.348,703,0.361,263,0.135,0.508,0.492,24968,34174,34151,45679,0,0,68,77,0,0,0,0,0,0,0,2342,0,8691,0
,T545_L98_NT.fasta,,378,TRUE,77,2187,168399,11824,7.021,693,0.317,261,0.119,0.55,0.45,42316,30934,39451,43762,0,0,63,49,0,0,0,0,0,0,0,2434,0,9390,0
,T545_L155_NT.fasta,,63,FALSE,48,933,44784,3935,8.787,118,0.126,49,0.053,0.523,0.477,8161,10605,8537,12794,0,0,370,382,0,0,0,0,0,0,0,1913,0,2022,0
,T545_L341_NT.fasta,,269,FALSE,54,927,50058,2027,4.049,203,0.219,59,0.064,0.578,0.422,14661,10502,9730,13125,0,0,5,8,0,0,0,0,0,0,0,395,0,1632,0
,T545_L54_NT.fasta,,330,FALSE,47,699,32853,1931,5.878,217,0.31,74,0.106,0.541,0.459,9184,7057,7105,7557,0,0,11,8,0,0,0,0,0,0,0,1031,0,900,0
,T545_L18_NT.fasta,,90,FALSE,57,621,35397,1604,4.531,68,0.11,20,0.032,0.474,0.526,8628,7961,9799,7393,0,0,3,9,0,0,0,0,0,0,0,134,0,1470,0
,T545_L312_NT.fasta,,237,FALSE,45,465,20925,1049,5.013,54,0.116,19,0.041,0.509,0.491,5172,3415,6350,4929,0,0,6,4,0,0,0,0,0,0,0,662,0,387,0
,T545_L289_NT.fasta,,210,FALSE,42,438,18396,594,3.229,124,0.283,62,0.142,0.547,0.453,4187,3813,4239,5530,0,0,12,21,0,0,0,0,0,0,0,411,0,183,0
,T545_L76_NT.fasta,,354,FALSE,39,333,12987,121,0.932,53,0.159,12,0.036,0.617,0.383,4182,2451,2475,3749,0,0,5,4,0,0,0,0,0,0,0,121,0,0,0